198.65 ,0.001493 
198.85 ,0.010144 
199.05 ,0.007891 
199.25 ,0.005971 
199.45 ,-0.004627 
199.66 ,-0.002652 
199.86 ,0.008920 
200.06 ,0.003329 
200.26 ,0.011785 
200.46 ,0.012397 
200.67 ,0.013315 
200.87 ,0.005665 
201.07 ,0.000909 
201.27 ,0.007724 
201.47 ,0.014622 
201.67 ,0.003412 
201.88 ,0.015652 
202.08 ,0.011284 
202.28 ,0.002522 
202.48 ,0.012647 
202.68 ,0.023997 
202.89 ,0.005610 
203.09 ,-0.000927 
203.29 ,0.012842 
203.49 ,-0.010663 
203.69 ,0.008781 
203.90 ,0.003357 
204.10 ,0.009170 
204.30 ,0.014038 
204.50 ,0.010227 
204.71 ,0.004135 
204.91 ,0.002355 
205.11 ,0.007612 
205.31 ,0.012286 
205.51 ,0.009587 
205.72 ,0.001854 
205.92 ,0.014928 
206.12 ,0.012063 
206.32 ,0.009504 
206.53 ,0.006778 
206.73 ,0.010561 
206.93 ,0.003384 
207.13 ,0.009810 
207.34 ,0.012202 
207.54 ,-0.004349 
207.74 ,-0.009745 
207.94 ,0.006166 
208.14 ,0.009727 
208.35 ,0.004080 
208.55 ,0.008030 
208.75 ,0.004608 
208.95 ,0.023857 
209.16 ,0.015346 
209.36 ,0.001270 
209.56 ,0.014594 
209.77 ,0.011868 
209.97 ,0.016124 
210.17 ,0.007585 
210.37 ,0.013204 
210.58 ,0.013148 
210.78 ,0.006861 
210.98 ,0.008697 
211.18 ,-0.002318 
211.39 ,0.015318 
211.59 ,0.003941 
211.79 ,0.013565 
211.99 ,0.003829 
212.20 ,0.016124 
212.40 ,0.001632 
212.60 ,0.006361 
212.81 ,0.013231 
213.01 ,0.014177 
213.21 ,0.006889 
213.41 ,0.002272 
213.62 ,0.011924 
213.82 ,0.009532 
214.02 ,0.015568 
214.23 ,0.003162 
214.43 ,0.006222 
214.63 ,-0.000621 
214.84 ,-0.001734 
215.04 ,0.001548 
215.24 ,0.017599 
215.44 ,0.014956 
215.65 ,0.020853 
215.85 ,0.022188 
216.05 ,0.012842 
216.26 ,-0.003598 
216.46 ,0.007557 
216.66 ,-0.002151 
216.87 ,-0.002596 
217.07 ,0.023385 
217.27 ,-0.003931 
217.48 ,0.013649 
217.68 ,0.004942 
217.88 ,0.011368 
218.09 ,0.011396 
218.29 ,0.012786 
218.49 ,0.003245 
218.70 ,-0.000399 
218.90 ,0.013315 
219.10 ,0.030227 
219.31 ,0.005081 
219.51 ,0.002939 
219.71 ,0.012341 
219.92 ,0.012174 
220.12 ,0.003273 
220.32 ,0.023051 
220.53 ,0.008058 
220.73 ,0.019184 
220.93 ,-0.000538 
221.14 ,0.005081 
221.34 ,0.019685 
221.54 ,-0.013862 
221.75 ,0.013927 
221.95 ,0.005387 
222.16 ,0.014761 
222.36 ,0.004358 
222.56 ,0.009448 
222.77 ,0.007835 
222.97 ,0.000881 
223.17 ,0.009782 
223.38 ,0.015040 
223.58 ,-0.000454 
223.78 ,0.007891 
223.99 ,0.005165 
224.19 ,0.010728 
224.40 ,0.005443 
224.60 ,0.009226 
224.80 ,-0.002040 
225.01 ,0.003885 
225.21 ,-0.009328 
225.42 ,0.010311 
225.62 ,-0.000232 
225.82 ,0.014428 
226.03 ,0.014873 
226.23 ,0.007195 
226.44 ,0.008530 
226.64 ,0.014316 
226.84 ,-0.000427 
227.05 ,0.019045 
227.25 ,0.006361 
227.46 ,0.005526 
227.66 ,0.001938 
227.86 ,-0.001650 
228.07 ,0.012647 
228.27 ,0.018990 
228.48 ,0.006083 
228.68 ,-0.000037 
228.88 ,0.002494 
229.09 ,0.007752 
229.29 ,0.004998 
229.50 ,0.009532 
229.70 ,0.011674 
229.91 ,0.001660 
230.11 ,0.001604 
230.31 ,0.016653 
230.52 ,0.009198 
230.72 ,0.006361 
230.93 ,0.009838 
231.13 ,0.002689 
231.34 ,0.005081 
231.54 ,0.011117 
231.74 ,0.015485 
231.95 ,0.012174 
232.15 ,0.015735 
232.36 ,-0.000204 
232.56 ,0.020130 
232.77 ,0.009087 
232.97 ,0.001548 
233.18 ,0.015346 
233.38 ,0.016820 
233.59 ,0.018322 
233.79 ,0.000936 
233.99 ,-0.001734 
234.20 ,0.008113 
234.40 ,0.013927 
234.61 ,0.010394 
234.81 ,0.004247 
235.02 ,0.002828 
235.22 ,0.004469 
235.43 ,0.008058 
235.63 ,0.007696 
235.84 ,0.003051 
236.04 ,0.002745 
236.25 ,-0.005740 
236.45 ,-0.001845 
236.66 ,0.010756 
236.86 ,0.003245 
237.07 ,0.007028 
237.27 ,0.010811 
237.47 ,0.008336 
237.68 ,0.003273 
237.88 ,0.007946 
238.09 ,0.016597 
238.29 ,-0.000760 
238.50 ,0.010033 
238.70 ,0.006166 
238.91 ,0.010700 
239.11 ,0.009142 
239.32 ,0.017626 
239.52 ,0.007918 
239.73 ,0.009142 
239.93 ,-0.000649 
240.14 ,0.027835 
240.35 ,0.011507 
240.55 ,0.017265 
240.76 ,0.008336 
240.96 ,0.019629 
241.17 ,-0.006574 
241.37 ,0.006500 
241.58 ,0.003718 
241.78 ,0.008419 
241.99 ,-0.000733 
242.19 ,0.009365 
242.40 ,0.012453 
242.60 ,0.004580 
242.81 ,0.008058 
243.01 ,0.009532 
243.22 ,0.008141 
243.42 ,0.009782 
243.63 ,0.001521 
243.83 ,0.011006 
244.04 ,0.029198 
244.25 ,0.008419 
244.45 ,0.011062 
244.66 ,-0.016143 
244.86 ,0.019017 
245.07 ,0.001048 
245.27 ,0.015763 
245.48 ,0.010366 
245.68 ,0.003023 
245.89 ,-0.004571 
246.09 ,0.003217 
246.30 ,0.003913 
246.51 ,0.013371 
246.71 ,0.010227 
246.92 ,0.011757 
247.12 ,0.005471 
247.33 ,0.010867 
247.53 ,0.009059 
247.74 ,-0.009189 
247.95 ,0.012731 
248.15 ,0.010533 
248.36 ,0.006389 
248.56 ,0.012119 
248.77 ,0.007056 
248.97 ,-0.009050 
249.18 ,0.010923 
249.39 ,0.010811 
249.59 ,0.005554 
249.80 ,-0.004961 
250.00 ,0.016403 
250.21 ,0.008670 
250.42 ,0.010366 
250.62 ,-0.005628 
250.83 ,0.012619 
251.03 ,0.001521 
251.24 ,0.003802 
251.45 ,0.006416 
251.65 ,0.002188 
251.86 ,0.012174 
252.06 ,0.004302 
252.27 ,0.019268 
252.48 ,0.010394 
252.68 ,0.018266 
252.89 ,0.013231 
253.09 ,0.011729 
253.30 ,0.003718 
253.51 ,0.009226 
253.71 ,0.009810 
253.92 ,0.006611 
254.13 ,-0.006852 
254.33 ,0.004191 
254.54 ,0.012258 
254.74 ,-0.001150 
254.95 ,0.007752 
255.16 ,0.003301 
255.36 ,0.005638 
255.57 ,0.003663 
255.78 ,0.016709 
255.98 ,0.012870 
256.19 ,0.014511 
256.39 ,-0.001400 
256.60 ,0.008725 
256.81 ,0.006333 
257.01 ,0.011646 
257.22 ,0.017515 
257.43 ,0.023997 
257.63 ,0.011702 
257.84 ,0.007028 
258.05 ,0.015123 
258.25 ,0.011535 
258.46 ,0.015179 
258.67 ,0.009615 
258.87 ,0.010422 
259.08 ,0.013120 
259.29 ,0.002355 
259.49 ,0.012731 
259.70 ,0.000269 
259.91 ,0.003301 
260.11 ,0.003941 
260.32 ,0.011618 
260.53 ,0.011980 
260.73 ,-0.008716 
260.94 ,0.005053 
261.15 ,0.008725 
261.35 ,-0.001734 
261.56 ,0.012842 
261.77 ,0.001298 
261.97 ,0.011173 
262.18 ,0.001966 
262.39 ,0.012035 
262.59 ,0.007001 
262.80 ,0.004608 
263.01 ,0.005165 
263.21 ,-0.005767 
263.42 ,0.008030 
263.63 ,0.009977 
263.84 ,-0.006769 
264.04 ,0.019268 
264.25 ,0.013009 
264.46 ,0.002300 
264.66 ,0.020714 
264.87 ,-0.001400 
265.08 ,0.000019 
265.29 ,0.018099 
265.49 ,0.008113 
265.70 ,-0.005434 
265.91 ,0.006277 
266.11 ,0.010839 
266.32 ,0.008224 
266.53 ,-0.000566 
266.74 ,0.012119 
266.94 ,0.001576 
267.15 ,0.009476 
267.36 ,0.009727 
267.56 ,0.002327 
267.77 ,0.008892 
267.98 ,-0.000232 
268.19 ,0.017515 
268.39 ,0.009643 
268.60 ,0.007362 
268.81 ,0.005832 
269.02 ,0.007612 
269.22 ,0.001882 
269.43 ,0.002772 
269.64 ,0.006444 
269.85 ,0.020353 
270.05 ,0.003551 
270.26 ,0.012063 
270.47 ,0.016069 
270.68 ,0.000046 
270.88 ,0.016736 
271.09 ,0.011924 
271.30 ,0.004636 
271.51 ,-0.003653 
271.71 ,0.008976 
271.92 ,0.000797 
272.13 ,0.009727 
272.34 ,0.009560 
272.54 ,0.010617 
272.75 ,0.022884 
272.96 ,0.012814 
273.17 ,0.009838 
273.37 ,0.010505 
273.58 ,0.009059 
273.79 ,0.000297 
274.00 ,0.009198 
274.21 ,0.004580 
274.41 ,0.013037 
274.62 ,0.003774 
274.83 ,0.003857 
275.04 ,-0.000093 
275.24 ,0.013983 
275.45 ,0.004608 
275.66 ,0.000797 
275.87 ,0.006138 
276.08 ,0.003607 
276.28 ,-0.003292 
276.49 ,0.008864 
276.70 ,0.006861 
276.91 ,-0.001038 
277.12 ,0.004886 
277.32 ,0.010144 
277.53 ,-0.002791 
277.74 ,-0.000510 
277.95 ,0.021855 
278.16 ,0.015262 
278.36 ,0.010589 
278.57 ,-0.007993 
278.78 ,0.016764 
278.99 ,0.007863 
279.20 ,0.014956 
279.41 ,0.004247 
279.61 ,0.014483 
279.82 ,0.014372 
280.03 ,0.009532 
280.24 ,0.001688 
280.45 ,-0.003486 
280.65 ,0.004970 
280.86 ,0.012842 
281.07 ,0.001966 
281.28 ,-0.002068 
281.49 ,-0.000454 
281.70 ,0.010728 
281.90 ,-0.004071 
282.11 ,0.004302 
282.32 ,0.014789 
282.53 ,0.015067 
282.74 ,0.007362 
282.95 ,0.008058 
283.16 ,0.016041 
283.36 ,0.008836 
283.57 ,0.003301 
283.78 ,0.015707 
283.99 ,0.005721 
284.20 ,0.013092 
284.41 ,0.007835 
284.61 ,0.008725 
284.82 ,0.005582 
285.03 ,-0.005406 
285.24 ,0.008976 
285.45 ,0.010283 
285.66 ,0.009087 
285.87 ,0.012842 
286.08 ,0.009142 
286.28 ,-0.004460 
286.49 ,0.010366 
286.70 ,0.005498 
286.91 ,0.003023 
287.12 ,0.014650 
287.33 ,0.011479 
287.54 ,-0.000733 
287.75 ,0.002383 
287.95 ,0.015596 
288.16 ,0.003829 
288.37 ,0.018739 
288.58 ,0.002077 
288.79 ,0.004720 
289.00 ,0.017181 
289.21 ,0.012981 
289.42 ,0.003579 
289.63 ,0.010950 
289.83 ,-0.002485 
290.04 ,-0.001205 
290.25 ,0.008614 
290.46 ,-0.007909 
290.67 ,0.010199 
290.88 ,0.008391 
291.09 ,0.004247 
291.30 ,0.017404 
291.51 ,0.012119 
291.72 ,-0.003459 
291.93 ,0.009476 
292.13 ,-0.003180 
292.34 ,0.015151 
292.55 ,0.004302 
292.76 ,0.010811 
292.97 ,0.016987 
293.18 ,0.011952 
293.39 ,0.010784 
293.60 ,0.015206 
293.81 ,0.014261 
294.02 ,0.005749 
294.23 ,0.000297 
294.44 ,0.004914 
294.65 ,0.008976 
294.85 ,0.010478 
295.06 ,0.014706 
295.27 ,0.010172 
295.48 ,-0.004599 
295.69 ,0.008419 
295.90 ,0.007835 
296.11 ,0.014678 
296.32 ,-0.002207 
296.53 ,-0.004988 
296.74 ,-0.003625 
296.95 ,0.003802 
297.16 ,0.014038 
297.37 ,0.001270 
297.58 ,0.012341 
297.79 ,0.002355 
298.00 ,0.015123 
298.21 ,0.016709 
298.42 ,0.013287 
298.63 ,0.013621 
298.84 ,0.009504 
299.05 ,0.008948 
299.25 ,0.016041 
299.46 ,0.011229 
299.67 ,0.019852 
299.88 ,0.004191 
300.09 ,0.005165 
300.30 ,0.015123 
300.51 ,0.010672 
300.72 ,0.020464 
300.93 ,0.016430 
301.14 ,-0.005934 
301.35 ,0.012814 
301.56 ,0.009031 
301.77 ,0.012369 
301.98 ,-0.002429 
302.19 ,-0.008994 
302.40 ,0.014094 
302.61 ,0.006027 
302.82 ,0.004497 
303.03 ,0.007585 
303.24 ,0.029643 
303.45 ,0.004998 
303.66 ,-0.004543 
303.87 ,0.011785 
304.08 ,-0.002819 
304.29 ,0.005304 
304.50 ,0.003690 
304.71 ,-0.001094 
304.92 ,0.007779 
305.13 ,0.012147 
305.34 ,0.004441 
305.55 ,0.006110 
305.76 ,0.009949 
305.97 ,0.006389 
306.18 ,0.013871 
306.39 ,0.004219 
306.60 ,0.002578 
306.81 ,-0.001595 
307.02 ,0.003690 
307.23 ,0.002605 
307.44 ,-0.007353 
307.65 ,0.010784 
307.87 ,0.007696 
308.08 ,0.014400 
308.29 ,0.010923 
308.50 ,0.001632 
308.71 ,0.012842 
308.92 ,0.009782 
309.13 ,-0.002290 
309.34 ,0.006778 
309.55 ,0.006806 
309.76 ,0.007112 
309.97 ,0.019852 
310.18 ,0.011062 
310.39 ,0.008920 
310.60 ,0.016263 
310.81 ,0.003579 
311.02 ,0.018572 
311.23 ,0.010589 
311.44 ,-0.009050 
311.65 ,0.004386 
311.86 ,0.013621 
312.07 ,0.017293 
312.29 ,0.001604 
312.50 ,-0.006880 
312.71 ,0.014177 
312.92 ,0.007863 
313.13 ,0.010450 
313.34 ,0.010784 
313.55 ,0.016792 
313.76 ,0.021521 
313.97 ,0.005165 
314.18 ,0.015012 
314.39 ,0.015401 
314.60 ,0.013037 
314.81 ,0.006305 
315.02 ,0.012870 
315.24 ,-0.009968 
315.45 ,0.012258 
315.66 ,-0.001790 
315.87 ,0.006945 
316.08 ,0.005165 
316.29 ,-0.003013 
316.50 ,0.015234 
316.71 ,0.022300 
316.92 ,0.020631 
317.13 ,0.000046 
317.35 ,0.016542 
317.56 ,0.002717 
317.77 ,0.008419 
317.98 ,0.014483 
318.19 ,0.010672 
318.40 ,-0.008938 
318.61 ,0.000797 
318.82 ,0.005498 
319.03 ,0.001326 
319.24 ,0.003384 
319.46 ,0.006277 
319.67 ,0.009254 
319.88 ,0.001938 
320.09 ,0.000352 
320.30 ,0.006750 
320.51 ,0.015290 
320.72 ,0.005832 
320.93 ,0.009977 
321.15 ,0.000909 
321.36 ,0.002605 
321.57 ,-0.016477 
321.78 ,0.004330 
321.99 ,0.000046 
322.20 ,0.018962 
322.41 ,0.002300 
322.63 ,0.012314 
322.84 ,0.004942 
323.05 ,0.014650 
323.26 ,-0.004543 
323.47 ,0.016625 
323.68 ,-0.000427 
323.89 ,-0.001539 
324.11 ,0.016319 
324.32 ,0.006138 
324.53 ,0.008252 
324.74 ,0.002077 
324.95 ,0.008725 
325.16 ,-0.008160 
325.37 ,0.001326 
325.59 ,0.013927 
325.80 ,0.009615 
326.01 ,-0.000538 
326.22 ,0.019268 
326.43 ,0.005804 
326.64 ,-0.000816 
326.86 ,0.001215 
327.07 ,0.010144 
327.28 ,0.008252 
327.49 ,0.011674 
327.70 ,0.012480 
327.92 ,0.013454 
328.13 ,0.006110 
328.34 ,0.010672 
328.55 ,-0.005990 
328.76 ,0.019935 
328.97 ,0.017626 
329.19 ,0.005498 
329.40 ,0.018266 
329.61 ,0.001465 
329.82 ,0.009393 
330.03 ,0.010505 
330.25 ,-0.008549 
330.46 ,0.013537 
330.67 ,0.008280 
330.88 ,-0.007548 
331.09 ,-0.010218 
331.31 ,0.002939 
331.52 ,0.003496 
331.73 ,-0.000649 
331.94 ,0.015067 
332.15 ,-0.010246 
332.37 ,0.014344 
332.58 ,0.011173 
332.79 ,0.015318 
333.00 ,0.012174 
333.21 ,-0.001317 
333.43 ,-0.001178 
333.64 ,0.002133 
333.85 ,0.012063 
334.06 ,0.003496 
334.28 ,0.002522 
334.49 ,0.011507 
334.70 ,0.005610 
334.91 ,0.010450 
335.12 ,0.008697 
335.34 ,0.003969 
335.55 ,-0.007687 
335.76 ,0.002522 
335.97 ,-0.000065 
336.19 ,0.006027 
336.40 ,0.022467 
336.61 ,0.020047 
336.82 ,0.018906 
337.04 ,0.004914 
337.25 ,0.006333 
337.46 ,0.005332 
337.67 ,0.013259 
337.89 ,0.015596 
338.10 ,0.019295 
338.31 ,0.007028 
338.52 ,-0.002596 
338.74 ,0.008976 
338.95 ,0.013287 
339.16 ,0.004135 
339.37 ,0.019184 
339.59 ,0.007696 
339.80 ,-0.003041 
340.01 ,-0.012638 
340.22 ,-0.002513 
340.44 ,0.018934 
340.65 ,0.008224 
340.86 ,0.007140 
341.07 ,0.013037 
341.29 ,0.010811 
341.50 ,0.006416 
341.71 ,0.011201 
341.92 ,0.021799 
342.14 ,0.003384 
342.35 ,0.012898 
342.56 ,0.000269 
342.78 ,-0.007854 
342.99 ,0.007640 
343.20 ,0.010533 
343.41 ,-0.000927 
343.63 ,0.002439 
343.84 ,0.008809 
344.05 ,0.006806 
344.27 ,0.013955 
344.48 ,0.018099 
344.69 ,0.013593 
344.91 ,0.006889 
345.12 ,0.008280 
345.33 ,0.001382 
345.54 ,0.009893 
345.76 ,-0.004154 
345.97 ,0.001465 
346.18 ,0.008058 
346.40 ,-0.002624 
346.61 ,0.009504 
346.82 ,0.008447 
347.04 ,0.005026 
347.25 ,0.012258 
347.46 ,0.013537 
347.68 ,0.000686 
347.89 ,0.014177 
348.10 ,0.018684 
348.31 ,-0.002151 
348.53 ,-0.008772 
348.74 ,-0.000454 
348.95 ,0.012898 
349.17 ,0.009504 
349.38 ,0.004970 
349.59 ,0.014177 
349.81 ,0.012035 
350.02 ,0.012008 
350.23 ,0.010366 
350.45 ,0.013454 
350.66 ,0.017487 
350.87 ,0.005665 
351.09 ,0.010422 
351.30 ,-0.002151 
351.51 ,-0.011331 
351.73 ,0.003996 
351.94 ,0.006695 
352.15 ,0.010700 
352.37 ,0.013816 
352.58 ,0.007334 
352.80 ,0.007946 
353.01 ,0.007446 
353.22 ,0.014261 
353.44 ,0.013816 
353.65 ,0.015902 
353.86 ,-0.000287 
354.08 ,-0.001094 
354.29 ,0.010227 
354.50 ,0.008252 
354.72 ,0.004469 
354.93 ,0.002105 
355.14 ,0.010728 
355.36 ,0.004664 
355.57 ,0.005721 
355.79 ,0.008169 
356.00 ,-0.003792 
356.21 ,0.012035 
356.43 ,-0.003959 
356.64 ,0.015791 
356.85 ,0.011952 
357.07 ,0.018461 
357.28 ,-0.008966 
357.50 ,0.014372 
357.71 ,0.010533 
357.92 ,0.012592 
358.14 ,-0.004877 
358.35 ,0.015151 
358.57 ,-0.005267 
358.78 ,0.011562 
358.99 ,0.016013 
359.21 ,0.017543 
359.42 ,0.014372 
359.64 ,0.008308 
359.85 ,0.002800 
360.06 ,0.014066 
360.28 ,-0.003097 
360.49 ,0.005943 
360.71 ,0.013843 
360.92 ,0.005248 
361.13 ,0.010283 
361.35 ,0.003329 
361.56 ,0.012564 
361.78 ,-0.007575 
361.99 ,0.012759 
362.20 ,0.008280 
362.42 ,0.010339 
362.63 ,0.001938 
362.85 ,0.005053 
363.06 ,0.002300 
363.28 ,-0.005990 
363.49 ,0.015262 
363.70 ,0.005777 
363.92 ,0.007918 
364.13 ,0.005943 
364.35 ,0.008530 
364.56 ,0.013065 
364.78 ,0.012091 
364.99 ,0.008058 
365.20 ,0.005387 
365.42 ,-0.001706 
365.63 ,0.004636 
365.85 ,-0.000176 
366.06 ,0.007279 
366.28 ,0.010116 
366.49 ,0.013148 
366.70 ,0.014428 
366.92 ,-0.001817 
367.13 ,0.012870 
367.35 ,0.011590 
367.56 ,0.007001 
367.78 ,0.014149 
367.99 ,0.003329 
368.21 ,0.010617 
368.42 ,0.014483 
368.64 ,0.000770 
368.85 ,0.006695 
369.06 ,-0.004404 
369.28 ,-0.006018 
369.49 ,0.023857 
369.71 ,0.004386 
369.92 ,-0.000482 
370.14 ,0.008224 
370.35 ,0.025276 
370.57 ,-0.000482 
370.78 ,0.008169 
371.00 ,0.012397 
371.21 ,0.016764 
371.43 ,0.017265 
371.64 ,0.026500 
371.86 ,0.012397 
372.07 ,0.002578 
372.29 ,-0.002402 
372.50 ,0.011034 
372.72 ,0.013788 
372.93 ,0.009587 
373.15 ,0.000102 
373.36 ,0.008614 
373.58 ,0.010394 
373.79 ,-0.001845 
374.01 ,0.005971 
374.22 ,0.005693 
374.44 ,0.004330 
374.65 ,0.020992 
374.87 ,0.007612 
375.08 ,0.017821 
375.30 ,-0.006630 
375.51 ,0.006500 
375.73 ,0.002717 
375.94 ,0.014261 
376.16 ,0.020269 
376.37 ,0.018155 
376.59 ,-0.001456 
376.80 ,0.001799 
377.02 ,0.001382 
377.23 ,0.008252 
377.45 ,-0.000121 
377.66 ,0.011507 
377.88 ,0.016903 
378.09 ,0.013454 
378.31 ,0.006806 
378.52 ,-0.000176 
378.74 ,0.009949 
378.95 ,-0.015587 
379.17 ,-0.001901 
379.38 ,0.004441 
379.60 ,-0.007047 
379.81 ,0.021604 
380.03 ,0.006194 
380.25 ,0.005109 
380.46 ,0.012063 
380.68 ,0.008864 
380.89 ,-0.008354 
381.11 ,0.020992 
381.32 ,0.019156 
381.54 ,0.002605 
381.75 ,0.013204 
381.97 ,0.002939 
382.18 ,0.021465 
382.40 ,0.005498 
382.62 ,0.008113 
382.83 ,0.008586 
383.05 ,0.001131 
383.26 ,0.006917 
383.48 ,-0.005628 
383.69 ,0.003217 
383.91 ,0.002800 
384.12 ,0.008725 
384.34 ,0.008753 
384.56 ,-0.002318 
384.77 ,0.011590 
384.99 ,0.003551 
385.20 ,0.005053 
385.42 ,-0.001400 
385.63 ,0.009921 
385.85 ,0.004330 
386.07 ,0.015846 
386.28 ,-0.000093 
386.50 ,0.002355 
386.71 ,0.014539 
386.93 ,0.003941 
387.14 ,-0.003542 
387.36 ,0.011896 
387.58 ,0.009281 
387.79 ,0.007056 
388.01 ,0.012063 
388.22 ,-0.004460 
388.44 ,0.000325 
388.66 ,0.008169 
388.87 ,0.010172 
389.09 ,-0.006045 
389.30 ,0.004942 
389.52 ,-0.001066 
389.74 ,0.002133 
389.95 ,0.008864 
390.17 ,0.015290 
390.38 ,0.009142 
390.60 ,0.007084 
390.82 ,0.010060 
391.03 ,0.023218 
391.25 ,0.003857 
391.46 ,0.003190 
391.68 ,0.000603 
391.90 ,0.006722 
392.11 ,0.010311 
392.33 ,0.009727 
392.54 ,0.005554 
392.76 ,0.015290 
392.98 ,0.006806 
393.19 ,0.006472 
393.41 ,0.012258 
393.63 ,0.022939 
393.84 ,-0.002513 
394.06 ,0.004859 
394.27 ,0.010088 
394.49 ,-0.001567 
394.71 ,0.005248 
394.92 ,0.012008 
395.14 ,0.012925 
395.36 ,0.016069 
395.57 ,0.002160 
395.79 ,0.005248 
396.01 ,0.003496 
396.22 ,0.018099 
396.44 ,0.007362 
396.65 ,0.001076 
396.87 ,0.010756 
397.09 ,0.030533 
397.30 ,0.006389 
397.52 ,0.010144 
397.74 ,-0.000065 
397.95 ,0.002077 
398.17 ,0.003106 
398.39 ,-0.000621 
398.60 ,0.012925 
398.82 ,-0.007325 
399.04 ,0.015930 
399.25 ,0.005832 
399.47 ,0.002327 
399.69 ,-0.004015 
399.90 ,0.004302 
400.12 ,0.003412 
400.34 ,0.016792 
400.55 ,0.014984 
400.77 ,0.010839 
400.99 ,0.000130 
401.20 ,0.005415 
401.42 ,0.015652 
401.64 ,0.002633 
401.85 ,0.007585 
402.07 ,0.014678 
402.29 ,-0.001289 
402.50 ,0.010589 
402.72 ,0.000770 
402.94 ,0.000742 
403.15 ,0.012647 
403.37 ,0.001771 
403.59 ,-0.010329 
403.80 ,0.010923 
404.02 ,-0.012888 
404.24 ,0.000686 
404.46 ,0.006472 
404.67 ,0.010672 
404.89 ,-0.007881 
405.11 ,-0.002318 
405.32 ,0.015568 
405.54 ,0.005109 
405.76 ,0.020714 
405.97 ,0.000992 
406.19 ,0.007946 
406.41 ,0.004553 
406.63 ,0.001437 
406.84 ,0.010255 
407.06 ,0.009393 
407.28 ,0.005749 
407.49 ,0.006361 
407.71 ,0.015763 
407.93 ,0.004469 
408.15 ,0.014928 
408.36 ,-0.006324 
408.58 ,0.026611 
408.80 ,0.000352 
409.01 ,0.009281 
409.23 ,0.012147 
409.45 ,0.004052 
409.67 ,-0.000204 
409.88 ,-0.010274 
410.10 ,0.004024 
410.32 ,-0.005767 
410.54 ,-0.003403 
410.75 ,0.011368 
410.97 ,0.013259 
411.19 ,0.006138 
411.40 ,0.000241 
411.62 ,0.003996 
411.84 ,0.014734 
412.06 ,0.010950 
412.27 ,0.016875 
412.49 ,0.017682 
412.71 ,0.004135 
412.93 ,0.012063 
413.14 ,0.006444 
413.36 ,-0.001817 
413.58 ,0.001242 
413.80 ,0.017098 
414.01 ,0.003523 
414.23 ,-0.002429 
414.45 ,0.006861 
414.67 ,0.007362 
414.88 ,0.003579 
415.10 ,-0.000955 
415.32 ,0.011117 
415.54 ,0.011062 
415.76 ,0.016124 
415.97 ,-0.004043 
416.19 ,0.000325 
416.41 ,0.006472 
416.63 ,0.006667 
416.84 ,0.006695 
417.06 ,0.012314 
417.28 ,-0.005740 
417.50 ,0.013009 
417.72 ,-0.002290 
417.93 ,0.004831 
418.15 ,0.004052 
418.37 ,0.005832 
418.59 ,0.004135 
418.80 ,0.002355 
419.02 ,0.000046 
419.24 ,-0.000204 
419.46 ,0.008948 
419.68 ,0.000158 
419.89 ,-0.005016 
420.11 ,-0.000844 
420.33 ,-0.008048 
420.55 ,0.004914 
420.77 ,0.011145 
420.98 ,0.020102 
421.20 ,0.007557 
421.42 ,0.006166 
421.64 ,0.009643 
421.86 ,0.017487 
422.07 ,0.000936 
422.29 ,0.008864 
422.51 ,0.003051 
422.73 ,0.018294 
422.95 ,0.012508 
423.16 ,-0.000510 
423.38 ,0.005804 
423.60 ,0.008614 
423.82 ,0.001493 
424.04 ,0.003746 
424.25 ,0.016375 
424.47 ,0.010784 
424.69 ,0.007223 
424.91 ,0.004386 
425.13 ,0.010978 
425.35 ,0.004024 
425.56 ,-0.008994 
425.78 ,-0.008577 
426.00 ,0.008558 
426.22 ,0.013621 
426.44 ,0.009476 
426.66 ,0.007918 
426.87 ,0.008781 
427.09 ,-0.003153 
427.31 ,0.008141 
427.53 ,0.008224 
427.75 ,0.016152 
427.97 ,0.002216 
428.18 ,0.011618 
428.40 ,-0.000427 
428.62 ,0.009866 
428.84 ,0.001382 
429.06 ,0.010060 
429.28 ,0.013565 
429.50 ,0.000380 
429.71 ,0.002133 
429.93 ,0.013983 
430.15 ,-0.001011 
430.37 ,0.018767 
430.59 ,0.005053 
430.81 ,-0.000955 
431.03 ,-0.003236 
431.24 ,0.009532 
431.46 ,-0.000983 
431.68 ,0.003329 
431.90 ,0.013983 
432.12 ,0.006889 
432.34 ,-0.007575 
432.56 ,-0.003709 
432.77 ,0.011229 
432.99 ,0.011618 
433.21 ,0.003635 
433.43 ,0.006778 
433.65 ,0.004580 
433.87 ,0.009921 
434.09 ,0.021048 
434.31 ,0.007696 
434.53 ,-0.000399 
434.74 ,0.011034 
434.96 ,0.003190 
435.18 ,0.010227 
435.40 ,0.017682 
435.62 ,0.002272 
435.84 ,0.002133 
436.06 ,0.007084 
436.28 ,0.020241 
436.50 ,0.010311 
436.71 ,0.010172 
436.93 ,0.007056 
437.15 ,0.010811 
437.37 ,0.013176 
437.59 ,0.015818 
437.81 ,0.014706 
438.03 ,0.018099 
438.25 ,0.018294 
438.47 ,0.009393 
438.69 ,0.016569 
438.90 ,0.019852 
439.12 ,0.018072 
439.34 ,0.017321 
439.56 ,0.025499 
439.78 ,-0.002735 
440.00 ,0.002049 
440.22 ,0.025137 
440.44 ,0.016152 
440.66 ,0.010450 
440.88 ,0.021159 
441.10 ,0.011562 
441.32 ,0.012286 
441.53 ,0.021966 
441.75 ,0.018266 
441.97 ,0.031841 
442.19 ,0.013037 
442.41 ,0.021298 
442.63 ,0.024414 
442.85 ,0.020770 
443.07 ,0.001270 
443.29 ,0.004302 
443.51 ,0.017265 
443.73 ,0.038878 
443.95 ,0.023746 
444.17 ,0.018461 
444.39 ,0.019907 
444.61 ,0.020798 
444.82 ,0.023746 
445.04 ,0.024497 
445.26 ,0.028976 
445.48 ,0.019685 
445.70 ,0.024497 
445.92 ,0.013760 
446.14 ,0.023941 
446.36 ,0.014873 
446.58 ,0.013565 
446.80 ,0.006695 
447.02 ,0.032814 
447.24 ,0.029282 
447.46 ,0.028864 
447.68 ,0.020380 
447.90 ,0.031646 
448.12 ,0.022773 
448.34 ,0.030617 
448.56 ,0.027529 
448.78 ,0.037599 
449.00 ,0.033871 
449.22 ,0.029059 
449.44 ,0.031006 
449.66 ,0.033732 
449.88 ,0.023190 
450.10 ,0.009281 
450.32 ,0.029560 
450.54 ,0.019546 
450.75 ,0.027335 
450.97 ,0.038517 
451.19 ,0.031451 
451.41 ,0.022272 
451.63 ,0.030645 
451.85 ,0.033871 
452.07 ,0.030339 
452.29 ,0.027640 
452.51 ,0.030116 
452.73 ,0.030673 
452.95 ,0.025360 
453.17 ,0.024080 
453.39 ,0.027501 
453.61 ,0.025638 
453.83 ,0.026806 
454.05 ,0.038433 
454.27 ,0.025971 
454.49 ,0.036681 
454.71 ,0.020631 
454.93 ,0.024553 
455.15 ,0.020353 
455.37 ,0.023245 
455.59 ,0.033649 
455.81 ,0.022383 
456.03 ,0.021938 
456.25 ,0.035846 
456.47 ,0.031730 
456.69 ,0.029671 
456.91 ,0.026417 
457.13 ,0.034984 
457.36 ,0.022133 
457.58 ,0.028642 
457.80 ,0.040019 
458.02 ,0.032258 
458.24 ,0.017042 
458.46 ,0.028419 
458.68 ,0.030394 
458.90 ,0.014817 
459.12 ,0.030506 
459.34 ,0.027835 
459.56 ,0.030200 
459.78 ,0.008614 
460.00 ,0.025109 
460.22 ,0.035234 
460.44 ,0.018544 
460.66 ,0.029643 
460.88 ,0.021994 
461.10 ,0.017932 
461.32 ,0.023357 
461.54 ,0.019490 
461.76 ,0.027501 
461.98 ,0.021688 
462.20 ,0.020047 
462.42 ,0.001827 
462.64 ,0.030923 
462.86 ,0.020297 
463.08 ,0.023440 
463.31 ,0.027251 
463.53 ,0.018711 
463.75 ,0.019212 
463.97 ,0.021131 
464.19 ,0.012369 
464.41 ,0.018489 
464.63 ,0.034150 
464.85 ,0.022522 
465.07 ,0.018378 
465.29 ,0.022439 
465.51 ,0.012119 
465.73 ,0.007696 
465.95 ,0.016597 
466.17 ,0.020881 
466.39 ,0.012759 
466.62 ,0.031952 
466.84 ,0.020742 
467.06 ,0.012174 
467.28 ,0.032536 
467.50 ,0.013371 
467.72 ,0.019379 
467.94 ,0.014400 
468.16 ,0.006973 
468.38 ,0.028503 
468.60 ,0.010005 
468.82 ,0.023134 
469.04 ,0.013148 
469.27 ,0.016263 
469.49 ,0.016069 
469.71 ,0.016903 
469.93 ,0.027474 
470.15 ,0.025415 
470.37 ,0.018850 
470.59 ,0.020547 
470.81 ,0.022355 
471.03 ,0.017070 
471.25 ,0.014511 
471.47 ,0.014372 
471.70 ,0.026194 
471.92 ,0.021799 
472.14 ,0.014428 
472.36 ,0.020603 
472.58 ,0.019156 
472.80 ,0.012091 
473.02 ,0.018322 
473.24 ,0.019852 
473.46 ,0.021410 
473.69 ,0.029782 
473.91 ,0.006695 
474.13 ,0.011034 
474.35 ,0.021270 
474.57 ,0.019741 
474.79 ,0.020853 
475.01 ,0.023607 
475.23 ,0.023329 
475.46 ,0.025749 
475.68 ,0.026333 
475.90 ,0.012480 
476.12 ,0.014261 
476.34 ,0.005498 
476.56 ,0.017404 
476.78 ,0.011312 
477.00 ,0.026834 
477.23 ,0.012647 
477.45 ,0.017960 
477.67 ,0.007362 
477.89 ,0.017738 
478.11 ,0.019212 
478.33 ,0.005165 
478.55 ,0.010394 
478.78 ,0.019629 
479.00 ,0.013092 
479.22 ,0.027752 
479.44 ,0.014372 
479.66 ,0.023468 
479.88 ,0.015318 
480.10 ,0.022939 
480.33 ,0.015067 
480.55 ,0.006722 
480.77 ,0.008030 
480.99 ,0.013176 
481.21 ,0.021048 
481.43 ,0.030700 
481.66 ,0.021270 
481.88 ,0.015707 
482.10 ,0.022606 
482.32 ,0.012063 
482.54 ,0.019629 
482.76 ,0.015151 
482.99 ,0.026500 
483.21 ,0.021410 
483.43 ,0.022467 
483.65 ,0.012063 
483.87 ,0.017543 
484.09 ,0.020659 
484.32 ,0.017710 
484.54 ,0.013843 
484.76 ,0.027168 
484.98 ,0.013732 
485.20 ,0.022884 
485.42 ,0.024080 
485.65 ,0.017321 
485.87 ,0.017376 
486.09 ,0.034984 
486.31 ,0.012230 
486.53 ,0.017154 
486.76 ,0.028447 
486.98 ,0.021938 
487.20 ,0.006333 
487.42 ,0.025638 
487.64 ,0.025693 
487.87 ,0.027529 
488.09 ,0.022578 
488.31 ,0.008169 
488.53 ,0.026778 
488.75 ,0.000992 
488.98 ,0.013204 
489.20 ,0.000019 
489.42 ,0.012258 
489.64 ,0.028642 
489.86 ,0.023635 
490.09 ,0.017376 
490.31 ,0.024247 
490.53 ,0.011702 
490.75 ,0.020492 
490.97 ,0.009810 
491.20 ,0.016291 
491.42 ,0.027418 
491.64 ,0.017348 
491.86 ,0.019295 
492.09 ,0.014956 
492.31 ,0.021104 
492.53 ,0.013760 
492.75 ,0.011868 
492.97 ,0.017960 
493.20 ,0.026583 
493.42 ,0.018739 
493.64 ,0.023468 
493.86 ,0.002133 
494.09 ,0.014956 
494.31 ,0.017432 
494.53 ,0.014817 
494.75 ,0.022606 
494.98 ,0.015123 
495.20 ,0.017599 
495.42 ,0.024497 
495.64 ,0.013732 
495.86 ,0.024775 
496.09 ,0.016875 
496.31 ,0.018711 
496.53 ,0.008725 
496.75 ,0.023802 
496.98 ,0.015373 
497.20 ,0.015067 
497.42 ,0.025610 
497.64 ,0.021660 
497.87 ,0.018072 
498.09 ,0.019713 
498.31 ,0.021632 
498.53 ,0.025610 
498.76 ,0.023273 
498.98 ,0.013955 
499.20 ,0.010478 
499.43 ,0.022328 
499.65 ,0.023885 
499.87 ,0.012647 
500.09 ,0.043329 
500.32 ,0.022939 
500.54 ,0.023273 
500.76 ,0.018322 
500.98 ,0.021354 
501.21 ,0.032036 
501.43 ,0.011757 
501.65 ,0.023496 
501.87 ,0.027279 
502.10 ,0.026973 
502.32 ,0.024247 
502.54 ,0.031284 
502.77 ,0.018072 
502.99 ,0.022077 
503.21 ,0.026417 
503.43 ,0.026472 
503.66 ,0.019657 
503.88 ,0.047668 
504.10 ,0.029699 
504.33 ,0.029226 
504.55 ,0.012842 
504.77 ,0.015457 
504.99 ,0.027724 
505.22 ,0.022272 
505.44 ,0.020519 
505.66 ,0.008697 
505.89 ,0.020964 
506.11 ,0.012592 
506.33 ,0.022188 
506.56 ,0.025971 
506.78 ,0.026389 
507.00 ,0.018155 
507.22 ,0.021743 
507.45 ,0.033148 
507.67 ,0.028280 
507.89 ,0.020408 
508.12 ,0.035262 
508.34 ,0.026055 
508.56 ,0.031952 
508.79 ,0.024414 
509.01 ,0.027362 
509.23 ,0.033927 
509.46 ,0.026194 
509.68 ,0.025026 
509.90 ,0.014205 
510.12 ,0.036403 
510.35 ,0.019796 
510.57 ,0.029143 
510.79 ,0.031535 
511.02 ,0.028837 
511.24 ,0.024581 
511.46 ,0.020158 
511.69 ,0.019518 
511.91 ,0.024942 
512.13 ,0.024970 
512.36 ,0.019379 
512.58 ,0.016653 
512.80 ,0.048002 
513.03 ,0.035068 
513.25 ,0.028336 
513.47 ,0.020909 
513.70 ,0.026389 
513.92 ,0.028280 
514.14 ,0.029727 
514.37 ,0.019907 
514.59 ,0.029838 
514.82 ,0.022550 
515.04 ,0.030673 
515.26 ,0.025109 
515.49 ,0.037237 
515.71 ,0.032314 
515.93 ,0.029170 
516.16 ,0.034567 
516.38 ,0.035068 
516.60 ,0.029643 
516.83 ,0.024748 
517.05 ,0.039880 
517.27 ,0.023913 
517.50 ,0.033037 
517.72 ,0.029921 
517.94 ,0.027557 
518.17 ,0.021938 
518.39 ,0.023051 
518.62 ,0.033983 
518.84 ,0.034928 
519.06 ,0.034177 
519.29 ,0.030422 
519.51 ,0.038100 
519.73 ,0.042272 
519.96 ,0.027835 
520.18 ,0.032230 
520.41 ,0.019685 
520.63 ,0.026528 
520.85 ,0.017988 
521.08 ,0.028725 
521.30 ,0.040881 
521.52 ,0.018739 
521.75 ,0.023245 
521.97 ,0.031535 
522.20 ,0.036987 
522.42 ,0.036653 
522.64 ,0.033315 
522.87 ,0.034539 
523.09 ,0.018461 
523.32 ,0.012536 
523.54 ,0.026945 
523.76 ,0.035819 
523.99 ,0.025304 
524.21 ,0.044247 
524.44 ,0.028809 
524.66 ,0.030867 
524.88 ,0.033287 
525.11 ,0.021298 
525.33 ,0.024052 
525.56 ,0.036542 
525.78 ,0.013983 
526.00 ,0.042773 
526.23 ,0.028308 
526.45 ,0.031312 
526.68 ,0.022188 
526.90 ,0.038851 
527.12 ,0.030978 
527.35 ,0.025832 
527.57 ,0.022494 
527.80 ,0.031257 
528.02 ,0.022689 
528.24 ,0.029337 
528.47 ,0.028948 
528.69 ,0.026250 
528.92 ,0.025805 
529.14 ,0.024998 
529.37 ,0.041799 
529.59 ,0.041799 
529.81 ,0.035596 
530.04 ,0.035123 
530.26 ,0.039184 
530.49 ,0.025054 
530.71 ,0.031646 
530.94 ,0.038878 
531.16 ,0.033009 
531.38 ,0.029615 
531.61 ,0.021521 
531.83 ,0.030673 
532.06 ,0.024636 
532.28 ,0.036709 
532.51 ,0.016903 
532.73 ,0.024330 
532.95 ,0.043357 
533.18 ,0.036319 
533.40 ,0.043885 
533.63 ,0.033565 
533.85 ,0.051563 
534.08 ,0.016291 
534.30 ,0.027974 
534.53 ,0.023051 
534.75 ,0.037599 
534.98 ,0.030978 
535.20 ,0.036125 
535.42 ,0.037905 
535.65 ,0.043607 
535.87 ,0.027752 
536.10 ,0.037432 
536.32 ,0.030144 
536.55 ,0.041994 
536.77 ,0.038211 
537.00 ,0.031702 
537.22 ,0.034316 
537.45 ,0.022745 
537.67 ,0.024469 
537.90 ,0.029309 
538.12 ,0.039407 
538.34 ,0.035151 
538.57 ,0.021632 
538.79 ,0.024302 
539.02 ,0.033621 
539.24 ,0.032425 
539.47 ,0.050895 
539.69 ,0.028503 
539.92 ,0.035958 
540.14 ,0.022494 
540.37 ,0.040575 
540.59 ,0.025360 
540.82 ,0.048976 
541.04 ,0.023357 
541.27 ,0.049922 
541.49 ,0.029337 
541.72 ,0.037293 
541.94 ,0.053260 
542.17 ,0.032564 
542.39 ,0.026667 
542.62 ,0.028086 
542.84 ,0.038934 
543.07 ,0.040075 
543.29 ,0.044052 
543.52 ,0.029671 
543.74 ,0.046194 
543.97 ,0.045360 
544.19 ,0.030116 
544.42 ,0.041549 
544.64 ,0.032091 
544.87 ,0.042634 
545.09 ,0.026194 
545.32 ,0.033788 
545.54 ,0.040492 
545.77 ,0.033399 
545.99 ,0.038712 
546.22 ,0.037571 
546.44 ,0.044275 
546.67 ,0.044080 
546.89 ,0.017905 
547.12 ,0.027780 
547.34 ,0.031229 
547.57 ,0.029365 
547.79 ,0.039713 
548.02 ,0.036431 
548.24 ,0.036848 
548.47 ,0.030867 
548.69 ,0.043607 
548.92 ,0.040631 
549.14 ,0.032647 
549.37 ,0.030394 
549.60 ,0.036375 
549.82 ,0.038489 
550.05 ,0.027112 
550.27 ,0.044108 
550.50 ,0.035374 
550.72 ,0.046305 
550.95 ,0.027056 
551.17 ,0.042884 
551.40 ,0.030923 
551.62 ,0.040937 
551.85 ,0.035680 
552.07 ,0.046333 
552.30 ,0.036959 
552.53 ,0.032620 
552.75 ,0.038072 
552.98 ,0.030061 
553.20 ,0.039685 
553.43 ,0.040575 
553.65 ,0.047223 
553.88 ,0.050506 
554.10 ,0.040714 
554.33 ,0.040186 
554.55 ,0.038739 
554.78 ,0.042133 
555.01 ,0.044358 
555.23 ,0.026611 
555.46 ,0.041521 
555.68 ,0.038072 
555.91 ,0.036570 
556.13 ,0.049171 
556.36 ,0.041883 
556.59 ,0.022272 
556.81 ,0.031090 
557.04 ,0.032397 
557.26 ,0.025693 
557.49 ,0.042411 
557.71 ,0.037821 
557.94 ,0.035318 
558.17 ,0.041326 
558.39 ,0.029727 
558.62 ,0.034289 
558.84 ,0.039157 
559.07 ,0.049004 
559.29 ,0.043107 
559.52 ,0.033649 
559.75 ,0.043468 
559.97 ,0.047891 
560.20 ,0.038739 
560.42 ,0.045527 
560.65 ,0.035624 
560.87 ,0.034428 
561.10 ,0.033009 
561.33 ,0.034428 
561.55 ,0.037627 
561.78 ,0.036041 
562.00 ,0.029282 
562.23 ,0.043830 
562.46 ,0.046945 
562.68 ,0.034400 
562.91 ,0.040186 
563.13 ,0.042050 
563.36 ,0.037905 
563.59 ,0.043246 
563.81 ,0.048002 
564.04 ,0.038433 
564.26 ,0.040631 
564.49 ,0.046166 
564.72 ,0.040408 
564.94 ,0.039490 
565.17 ,0.043830 
565.39 ,0.033315 
565.62 ,0.047196 
565.85 ,0.028030 
566.07 ,0.040659 
566.30 ,0.048614 
566.53 ,0.038461 
566.75 ,0.038934 
566.98 ,0.041187 
567.20 ,0.032258 
567.43 ,0.045666 
567.66 ,0.039685 
567.88 ,0.046973 
568.11 ,0.047835 
568.33 ,0.034873 
568.56 ,0.047335 
568.79 ,0.034094 
569.01 ,0.019629 
569.24 ,0.054623 
569.47 ,0.032898 
569.69 ,0.042634 
569.92 ,0.035624 
570.15 ,0.030088 
570.37 ,0.040102 
570.60 ,0.034734 
570.82 ,0.039852 
571.05 ,0.052314 
571.28 ,0.048892 
571.50 ,0.031563 
571.73 ,0.042773 
571.96 ,0.025387 
572.18 ,0.042439 
572.41 ,0.037682 
572.64 ,0.046806 
572.86 ,0.025888 
573.09 ,0.028614 
573.32 ,0.033232 
573.54 ,0.046806 
573.77 ,0.027585 
573.99 ,0.040937 
574.22 ,0.033565 
574.45 ,0.048002 
574.67 ,0.040047 
574.90 ,0.026500 
575.13 ,0.035318 
575.35 ,0.030367 
575.58 ,0.031590 
575.81 ,0.043190 
576.03 ,0.036792 
576.26 ,0.026055 
576.49 ,0.041938 
576.71 ,0.046250 
576.94 ,0.043552 
577.17 ,0.038016 
577.39 ,0.030033 
577.62 ,0.037460 
577.85 ,0.046333 
578.07 ,0.043385 
578.30 ,0.033677 
578.53 ,0.033204 
578.75 ,0.044497 
578.98 ,0.040019 
579.21 ,0.034901 
579.43 ,0.041771 
579.66 ,0.040603 
579.89 ,0.033120 
580.12 ,0.031257 
580.34 ,0.041159 
580.57 ,0.025415 
580.80 ,0.052648 
581.02 ,0.045221 
581.25 ,0.042995 
581.48 ,0.037627 
581.70 ,0.037877 
581.93 ,0.033788 
582.16 ,0.031284 
582.38 ,0.040492 
582.61 ,0.051785 
582.84 ,0.056014 
583.06 ,0.045638 
583.29 ,0.049282 
583.52 ,0.052203 
583.75 ,0.048559 
583.97 ,0.047724 
584.20 ,0.049727 
584.43 ,0.039852 
584.65 ,0.053232 
584.88 ,0.042828 
585.11 ,0.050283 
585.34 ,0.032787 
585.56 ,0.034734 
585.79 ,0.033343 
586.02 ,0.048253 
586.24 ,0.038545 
586.47 ,0.044497 
586.70 ,0.038795 
586.93 ,0.046166 
587.15 ,0.043524 
587.38 ,0.045610 
587.61 ,0.035540 
587.83 ,0.036653 
588.06 ,0.052119 
588.29 ,0.034873 
588.52 ,0.048503 
588.74 ,0.033093 
588.97 ,0.060520 
589.20 ,0.043218 
589.42 ,0.049226 
589.65 ,0.049949 
589.88 ,0.051368 
590.11 ,0.053538 
590.33 ,0.042216 
590.56 ,0.050311 
590.79 ,0.057794 
591.02 ,0.055930 
591.24 ,0.046445 
591.47 ,0.041910 
591.70 ,0.045054 
591.93 ,0.043941 
592.15 ,0.048114 
592.38 ,0.051285 
592.61 ,0.032175 
592.84 ,0.052370 
593.06 ,0.058684 
593.29 ,0.037237 
593.52 ,0.042606 
593.75 ,0.058573 
593.97 ,0.052564 
594.20 ,0.047057 
594.43 ,0.049310 
594.66 ,0.050979 
594.88 ,0.054790 
595.11 ,0.060269 
595.34 ,0.044887 
595.57 ,0.048308 
595.79 ,0.057988 
596.02 ,0.046083 
596.25 ,0.040464 
596.48 ,0.044052 
596.70 ,0.060075 
596.93 ,0.060047 
597.16 ,0.062578 
597.39 ,0.053148 
597.61 ,0.048865 
597.84 ,0.044331 
598.07 ,0.036291 
598.30 ,0.060742 
598.52 ,0.040241 
598.75 ,0.059518 
598.98 ,0.061132 
599.21 ,0.052676 
599.44 ,0.056987 
599.66 ,0.061354 
599.89 ,0.052731 
600.12 ,0.059352 
600.35 ,0.042216 
600.57 ,0.067780 
600.80 ,0.055012 
601.03 ,0.041521 
601.26 ,0.055902 
601.49 ,0.055012 
601.71 ,0.048586 
601.94 ,0.051424 
602.17 ,0.056709 
602.40 ,0.067474 
602.63 ,0.058740 
602.85 ,0.043885 
603.08 ,0.060325 
603.31 ,0.042522 
603.54 ,0.049810 
603.77 ,0.046778 
603.99 ,0.055346 
604.22 ,0.054623 
604.45 ,0.067891 
604.68 ,0.063413 
604.91 ,0.062022 
605.13 ,0.046695 
605.36 ,0.061466 
605.59 ,0.055012 
605.82 ,0.060047 
606.05 ,0.055402 
606.27 ,0.056625 
606.50 ,0.054539 
606.73 ,0.061883 
606.96 ,0.043496 
607.19 ,0.051118 
607.41 ,0.048392 
607.64 ,0.043774 
607.87 ,0.062105 
608.10 ,0.058183 
608.33 ,0.063941 
608.56 ,0.053093 
608.78 ,0.058155 
609.01 ,0.053427 
609.24 ,0.056542 
609.47 ,0.051201 
609.70 ,0.062995 
609.92 ,0.070339 
610.15 ,0.062550 
610.38 ,0.050255 
610.61 ,0.064887 
610.84 ,0.041187 
611.07 ,0.049699 
611.29 ,0.045332 
611.52 ,0.056125 
611.75 ,0.067780 
611.98 ,0.063301 
612.21 ,0.046584 
612.44 ,0.044275 
612.66 ,0.064219 
612.89 ,0.054539 
613.12 ,0.052091 
613.35 ,0.046278 
613.58 ,0.052064 
613.81 ,0.054956 
614.03 ,0.053760 
614.26 ,0.044414 
614.49 ,0.060965 
614.72 ,0.054122 
614.95 ,0.050589 
615.18 ,0.058628 
615.41 ,0.050673 
615.63 ,0.037682 
615.86 ,0.049393 
616.09 ,0.049810 
616.32 ,0.061215 
616.55 ,0.038767 
616.78 ,0.050979 
617.01 ,0.051563 
617.23 ,0.056153 
617.46 ,0.047974 
617.69 ,0.047557 
617.92 ,0.041938 
618.15 ,0.060965 
618.38 ,0.050756 
618.61 ,0.058934 
618.83 ,0.046222 
619.06 ,0.043413 
619.29 ,0.050200 
619.52 ,0.044108 
619.75 ,0.070144 
619.98 ,0.057738 
620.21 ,0.046667 
620.44 ,0.037293 
620.66 ,0.040186 
620.89 ,0.033204 
621.12 ,0.046055 
621.35 ,0.053788 
621.58 ,0.048670 
621.81 ,0.036347 
622.04 ,0.053009 
622.27 ,0.053538 
622.49 ,0.037571 
622.72 ,0.059352 
622.95 ,0.048197 
623.18 ,0.048531 
623.41 ,0.044414 
623.64 ,0.050005 
623.87 ,0.047140 
624.10 ,0.037182 
624.33 ,0.046027 
624.55 ,0.047084 
624.78 ,0.046806 
625.01 ,0.050673 
625.24 ,0.040826 
625.47 ,0.053093 
625.70 ,0.052926 
625.93 ,0.042300 
626.16 ,0.041132 
626.39 ,0.055012 
626.62 ,0.044470 
626.84 ,0.045304 
627.07 ,0.038851 
627.30 ,0.050561 
627.53 ,0.037654 
627.76 ,0.042522 
627.99 ,0.051034 
628.22 ,0.061382 
628.45 ,0.053788 
628.68 ,0.047529 
628.91 ,0.048447 
629.14 ,0.040075 
629.36 ,0.042050 
629.59 ,0.051646 
629.82 ,0.056125 
630.05 ,0.051118 
630.28 ,0.046834 
630.51 ,0.050283 
630.74 ,0.049727 
630.97 ,0.050812 
631.20 ,0.043190 
631.43 ,0.042634 
631.66 ,0.046305 
631.89 ,0.052064 
632.12 ,0.034456 
632.34 ,0.038684 
632.57 ,0.051229 
632.80 ,0.042634 
633.03 ,0.037488 
633.26 ,0.040436 
633.49 ,0.045221 
633.72 ,0.039546 
633.95 ,0.052425 
634.18 ,0.029393 
634.41 ,0.043885 
634.64 ,0.053204 
634.87 ,0.041716 
635.10 ,0.044136 
635.33 ,0.048475 
635.56 ,0.041076 
635.79 ,0.046806 
636.01 ,0.042022 
636.24 ,0.042967 
636.47 ,0.036622 
636.70 ,0.045599 
636.93 ,0.040969 
637.16 ,0.037989 
637.39 ,0.038070 
637.62 ,0.037132 
637.85 ,0.039287 
638.08 ,0.047293 
638.31 ,0.033060 
638.54 ,0.043517 
638.77 ,0.039684 
639.00 ,0.043410 
639.23 ,0.035912 
639.46 ,0.041000 
639.69 ,0.036535 
639.92 ,0.042646 
640.15 ,0.046702 
640.38 ,0.035494 
640.61 ,0.048436 
640.84 ,0.038926 
641.07 ,0.033235 
641.29 ,0.038950 
641.52 ,0.038785 
641.75 ,0.050596 
641.98 ,0.035921 
642.21 ,0.033378 
642.44 ,0.057788 
642.67 ,0.025726 
642.90 ,0.030928 
643.13 ,0.042328 
643.36 ,0.042906 
643.59 ,0.038368 
643.82 ,0.033817 
644.05 ,0.051157 
644.28 ,0.024141 
644.51 ,0.042606 
644.74 ,0.031258 
644.97 ,0.038678 
645.20 ,0.040414 
645.43 ,0.051357 
645.66 ,0.031473 
645.89 ,0.044254 
646.12 ,0.036898 
646.35 ,0.039836 
646.58 ,0.036169 
646.81 ,0.035342 
647.04 ,0.039748 
647.27 ,0.039576 
647.50 ,0.023766 
647.73 ,0.023191 
647.96 ,0.037029 
648.19 ,0.030901 
648.42 ,0.041458 
648.65 ,0.031426 
648.88 ,0.026593 
649.11 ,0.026272 
649.34 ,0.027825 
649.57 ,0.036066 
649.80 ,0.036451 
650.03 ,0.048118 
650.26 ,0.035430 
650.49 ,0.036245 
650.72 ,0.034077 
650.95 ,0.031047 
651.18 ,0.035802 
651.41 ,0.031304 
651.64 ,0.037918 
651.87 ,0.036656 
652.10 ,0.028434 
652.33 ,0.034294 
652.56 ,0.039386 
652.79 ,0.043856 
653.02 ,0.043216 
653.25 ,0.030600 
653.48 ,0.021764 
653.71 ,0.034145 
653.94 ,0.033957 
654.17 ,0.026973 
654.40 ,0.023969 
654.63 ,0.040353 
654.86 ,0.022188 
655.09 ,0.030200 
655.32 ,0.027613 
655.56 ,0.032036 
655.79 ,0.028002 
656.02 ,0.036208 
656.25 ,0.025193 
656.48 ,0.026723 
656.71 ,0.032647 
656.94 ,0.023663 
657.17 ,0.016458 
657.40 ,0.024163 
657.63 ,0.017988 
657.86 ,0.025499 
658.09 ,0.030700 
658.32 ,0.031396 
658.55 ,0.020575 
658.78 ,0.024525 
659.01 ,0.027390 
659.24 ,0.017209 
659.47 ,0.028892 
659.70 ,0.028141 
659.93 ,0.021910 
660.16 ,0.031451 
660.39 ,0.036542 
660.62 ,0.033232 
660.86 ,0.018628 
661.09 ,0.014010 
661.32 ,0.028169 
661.55 ,0.026723 
661.78 ,0.020353 
662.01 ,0.033955 
662.24 ,0.031424 
662.47 ,0.029337 
662.70 ,0.023051 
662.93 ,0.009615 
663.16 ,0.024608 
663.39 ,0.016180 
663.62 ,0.032286 
663.85 ,0.028725 
664.08 ,0.022272 
664.31 ,0.027084 
664.55 ,0.018767 
664.78 ,0.026834 
665.01 ,0.029866 
665.24 ,0.026750 
665.47 ,0.016597 
665.70 ,0.027724 
665.93 ,0.021048 
666.16 ,0.034678 
666.39 ,0.020074 
666.62 ,0.033955 
666.85 ,0.016709 
667.08 ,0.025165 
667.31 ,0.033093 
667.55 ,0.027974 
667.78 ,0.018461 
668.01 ,0.027335 
668.24 ,0.018016 
668.47 ,0.014817 
668.70 ,0.020964 
668.93 ,0.030450 
669.16 ,0.017404 
669.39 ,0.013649 
669.62 ,0.022161 
669.85 ,0.013148 
670.08 ,0.023301 
670.32 ,0.027640 
670.55 ,0.020964 
670.78 ,0.025332 
671.01 ,0.023412 
671.24 ,0.019073 
671.47 ,0.013677 
671.70 ,0.021493 
671.93 ,0.028586 
672.16 ,0.025610 
672.39 ,0.015123 
672.63 ,0.032147 
672.86 ,0.005137 
673.09 ,0.013871 
673.32 ,0.016152 
673.55 ,0.022383 
673.78 ,0.014984 
674.01 ,0.023496 
674.24 ,0.019880 
674.47 ,0.025999 
674.71 ,0.009782 
674.94 ,0.012147 
675.17 ,0.012008 
675.40 ,0.020408 
675.63 ,0.013231 
675.86 ,0.030422 
676.09 ,0.022828 
676.32 ,0.024219 
676.55 ,0.012814 
676.79 ,0.022161 
677.02 ,0.020019 
677.25 ,0.020269 
677.48 ,0.011284 
677.71 ,0.014261 
677.94 ,0.012035 
678.17 ,0.016152 
678.40 ,0.001576 
678.64 ,0.019880 
678.87 ,0.025165 
679.10 ,0.031952 
679.33 ,0.007612 
679.56 ,0.009365 
679.79 ,0.021215 
680.02 ,0.015846 
680.26 ,0.024414 
680.49 ,0.006277 
680.72 ,0.016236 
680.95 ,0.004024 
681.18 ,0.014316 
681.41 ,0.028698 
681.64 ,0.010005 
681.88 ,0.014817 
682.11 ,0.014288 
682.34 ,0.007279 
682.57 ,0.016319 
682.80 ,0.010839 
683.03 ,0.021771 
683.26 ,0.032953 
683.50 ,0.011590 
683.73 ,0.026806 
683.96 ,0.014900 
684.19 ,0.036291 
684.42 ,0.052509 
684.65 ,0.017432 
684.88 ,0.012147 
685.12 ,0.025944 
685.35 ,0.016124 
685.58 ,0.024052 
685.81 ,0.020770 
686.04 ,0.020213 
686.27 ,0.018211 
686.51 ,0.017376 
686.74 ,0.031563 
686.97 ,0.028058 
687.20 ,0.010088 
687.43 ,0.019407 
687.66 ,0.008169 
687.90 ,0.030784 
688.13 ,0.019212 
688.36 ,0.017042 
688.59 ,0.013065 
688.82 ,0.016820 
689.05 ,0.016208 
689.29 ,0.019295 
689.52 ,0.012341 
689.75 ,-0.003625 
689.98 ,0.014288 
690.21 ,0.019574 
690.44 ,0.029977 
690.68 ,0.020575 
690.91 ,0.011368 
691.14 ,0.023412 
691.37 ,0.026138 
691.60 ,0.003412 
691.84 ,0.015179 
692.07 ,0.008252 
692.30 ,0.010422 
692.53 ,0.004886 
692.76 ,0.013148 
692.99 ,0.027974 
693.23 ,0.013176 
693.46 ,0.020909 
693.69 ,0.016403 
693.92 ,0.015763 
694.15 ,0.033065 
694.39 ,0.001298 
694.62 ,0.010366 
694.85 ,0.018572 
695.08 ,0.011896 
695.31 ,0.009031 
695.55 ,0.016820 
695.78 ,0.007390 
696.01 ,0.025165 
696.24 ,0.005554 
696.47 ,0.003857 
696.71 ,0.023746 
696.94 ,0.015930 
697.17 ,0.019101 
697.40 ,0.020102 
697.63 ,0.022022 
697.87 ,0.017348 
698.10 ,0.003774 
698.33 ,0.015679 
698.56 ,0.004942 
698.79 ,0.022077 
699.03 ,0.011813 
699.26 ,0.014622 
699.49 ,0.008976 
699.72 ,0.013009 
699.96 ,0.014678 
700.19 ,0.025499 
700.42 ,0.005026 
700.65 ,0.018711 
700.88 ,0.007946 
701.12 ,0.010839 
701.35 ,0.011618 
701.58 ,0.022773 
701.81 ,0.003384 
702.05 ,0.016959 
702.28 ,0.016569 
702.51 ,0.030227 
702.74 ,0.006861 
702.97 ,0.019741 
703.21 ,0.018739 
703.44 ,0.007028 
703.67 ,0.013565 
703.90 ,0.022494 
704.14 ,0.021298 
704.37 ,0.020492 
704.60 ,0.010311 
704.83 ,0.013510 
705.07 ,0.005498 
705.30 ,0.019685 
705.53 ,0.017126 
705.76 ,0.017042 
706.00 ,0.017237 
706.23 ,0.015930 
706.46 ,0.002689 
706.69 ,0.018600 
706.92 ,0.019629 
707.16 ,-0.000816 
707.39 ,0.006583 
707.62 ,0.012953 
707.85 ,0.023802 
708.09 ,0.023412 
708.32 ,-0.006546 
708.55 ,0.013148 
708.78 ,0.007056 
709.02 ,0.003134 
709.25 ,0.010366 
709.48 ,0.010533 
709.71 ,0.003134 
709.95 ,0.016792 
710.18 ,0.006889 
710.41 ,0.011340 
710.65 ,0.007446 
710.88 ,0.008503 
711.11 ,0.018238 
711.34 ,0.011173 
711.58 ,0.012731 
711.81 ,0.001326 
712.04 ,0.007251 
712.27 ,0.018433 
712.51 ,0.002828 
712.74 ,0.001048 
712.97 ,0.004330 
713.20 ,0.010950 
713.44 ,0.005332 
713.67 ,0.013204 
713.90 ,0.014483 
714.13 ,0.016848 
714.37 ,0.004052 
714.60 ,0.009977 
714.83 ,0.009754 
715.07 ,0.012008 
715.30 ,0.016931 
715.53 ,0.006806 
715.76 ,0.010144 
716.00 ,-0.001261 
716.23 ,0.005276 
716.46 ,0.008058 
716.70 ,0.009949 
716.93 ,0.015512 
717.16 ,0.018155 
717.39 ,0.008252 
717.63 ,0.008530 
717.86 ,0.027056 
718.09 ,0.003857 
718.33 ,0.011062 
718.56 ,0.005693 
718.79 ,0.013983 
719.02 ,0.007779 
719.26 ,0.013426 
719.49 ,0.004024 
719.72 ,0.004664 
719.96 ,0.012286 
720.19 ,0.011340 
720.42 ,0.001242 
720.65 ,0.022300 
720.89 ,-0.004071 
721.12 ,-0.005823 
721.35 ,0.012703 
721.59 ,0.015290 
721.82 ,0.009893 
722.05 ,0.010978 
722.29 ,-0.003681 
722.52 ,0.007140 
722.75 ,0.003829 
722.99 ,0.005832 
723.22 ,0.000158 
723.45 ,0.008864 
723.68 ,0.015290 
723.92 ,0.012258 
724.15 ,0.008030 
724.38 ,0.010005 
724.62 ,0.033482 
724.85 ,0.005916 
725.08 ,0.012647 
725.32 ,0.011507 
725.55 ,0.008558 
725.78 ,0.003357 
726.02 ,0.006917 
726.25 ,0.011145 
726.48 ,0.020825 
726.72 ,0.019518 
726.95 ,0.003273 
727.18 ,0.010839 
727.42 ,0.005137 
727.65 ,0.012119 
727.88 ,0.005498 
728.11 ,0.012091 
728.35 ,-0.001511 
728.58 ,0.005971 
728.81 ,-0.000454 
729.05 ,0.000575 
729.28 ,0.035624 
729.51 ,0.013621 
729.75 ,0.017209 
729.98 ,0.011868 
730.21 ,0.002633 
730.45 ,0.021076 
730.68 ,0.009309 
730.91 ,0.004720 
731.15 ,0.011451 
731.38 ,-0.001567 
731.61 ,0.011145 
731.85 ,0.001215 
732.08 ,-0.013306 
732.32 ,0.006611 
732.55 ,0.006583 
732.78 ,0.000074 
733.02 ,0.003885 
733.25 ,0.003190 
733.48 ,0.010227 
733.72 ,-0.000009 
733.95 ,0.002327 
734.18 ,0.002911 
734.42 ,0.008308 
734.65 ,0.012341 
734.88 ,0.013816 
735.12 ,0.010645 
735.35 ,0.012119 
735.58 ,0.009003 
735.82 ,0.000714 
736.05 ,0.001131 
736.28 ,0.004886 
736.52 ,0.004803 
736.75 ,-0.005767 
736.99 ,0.000464 
737.22 ,0.012230 
737.45 ,0.002272 
737.69 ,0.006639 
737.92 ,0.017571 
738.15 ,0.007334 
738.39 ,-0.002429 
738.62 ,0.023885 
738.85 ,0.011145 
739.09 ,0.011590 
739.32 ,0.001882 
739.56 ,0.003245 
739.79 ,0.015373 
740.02 ,0.013092 
740.26 ,0.004636 
740.49 ,-0.006101 
740.72 ,0.015763 
740.96 ,0.012035 
741.19 ,0.000046 
741.43 ,0.012703 
741.66 ,0.008948 
741.89 ,0.001799 
742.13 ,0.006249 
742.36 ,0.002550 
742.59 ,0.002939 
742.83 ,0.001604 
743.06 ,0.003301 
743.30 ,0.006889 
743.53 ,0.004886 
743.76 ,0.003941 
744.00 ,0.010144 
744.23 ,0.009810 
744.47 ,0.007752 
744.70 ,0.004247 
744.93 ,0.017877 
745.17 ,-0.004015 
745.40 ,0.000464 
745.63 ,0.005943 
745.87 ,0.008308 
746.10 ,0.016597 
746.34 ,0.003468 
746.57 ,0.016458 
746.80 ,-0.002652 
747.04 ,0.018016 
747.27 ,0.021938 
747.51 ,0.006528 
747.74 ,0.002828 
747.97 ,0.018962 
748.21 ,0.002689 
748.44 ,0.000519 
748.68 ,0.007779 
748.91 ,0.025081 
749.14 ,0.005693 
749.38 ,0.011145 
749.61 ,0.006083 
749.85 ,0.015179 
750.08 ,0.012453 
750.31 ,0.005665 
750.55 ,0.017126 
750.78 ,-0.001456 
751.02 ,-0.006602 
751.25 ,0.008475 
751.49 ,0.005916 
751.72 ,0.003106 
751.95 ,0.007918 
752.19 ,0.011173 
752.42 ,0.006416 
752.66 ,0.010700 
752.89 ,-0.000621 
753.12 ,0.005220 
753.36 ,0.006861 
753.59 ,0.007779 
753.83 ,0.009254 
754.06 ,0.009838 
754.30 ,0.001270 
754.53 ,0.012814 
754.76 ,0.009838 
755.00 ,0.011924 
755.23 ,0.013259 
755.47 ,0.020519 
755.70 ,0.001270 
755.94 ,-0.008605 
756.17 ,-0.010969 
756.40 ,0.004525 
756.64 ,0.000686 
756.87 ,0.003802 
757.11 ,0.000436 
757.34 ,0.009782 
757.58 ,0.003190 
757.81 ,0.012647 
758.04 ,0.001827 
758.28 ,0.012397 
758.51 ,-0.000121 
758.75 ,0.003523 
758.98 ,0.003663 
759.22 ,-0.011275 
759.45 ,0.000464 
759.69 ,0.009087 
759.92 ,0.002383 
760.15 ,0.013871 
760.39 ,0.010839 
760.62 ,0.008085 
760.86 ,-0.009300 
761.09 ,0.010255 
761.33 ,0.008197 
761.56 ,-0.000677 
761.80 ,0.022522 
762.03 ,-0.003486 
762.26 ,0.011451 
762.50 ,0.005526 
762.73 ,-0.009244 
762.97 ,0.000603 
763.20 ,0.007918 
763.44 ,0.003357 
763.67 ,0.018517 
763.91 ,0.003690 
764.14 ,-0.002819 
764.38 ,0.010366 
764.61 ,0.020074 
764.85 ,0.020213 
765.08 ,0.000436 
765.31 ,0.003329 
765.55 ,0.020380 
765.78 ,0.014344 
766.02 ,0.017154 
766.25 ,0.005192 
766.49 ,-0.000927 
766.72 ,0.006528 
766.96 ,0.007418 
767.19 ,-0.002568 
767.43 ,-0.003153 
767.66 ,0.003829 
767.90 ,-0.005489 
768.13 ,0.010589 
768.37 ,0.011674 
768.60 ,-0.002986 
768.84 ,0.007140 
769.07 ,0.005192 
769.30 ,0.017154 
769.54 ,0.002466 
769.77 ,0.006389 
770.01 ,0.007807 
770.24 ,0.016069 
770.48 ,-0.001066 
770.71 ,0.008558 
770.95 ,0.004831 
771.18 ,0.009560 
771.42 ,0.001465 
771.65 ,-0.005406 
771.89 ,0.003635 
772.12 ,0.011006 
772.36 ,0.005999 
772.59 ,0.010255 
772.83 ,-0.002791 
773.06 ,0.016236 
773.30 ,-0.000983 
773.53 ,0.002605 
773.77 ,0.016875 
774.00 ,0.001437 
774.24 ,0.000909 
774.47 ,0.012258 
774.71 ,-0.000621 
774.94 ,0.009643 
775.18 ,-0.000315 
775.41 ,0.015290 
775.65 ,0.001270 
775.88 ,0.012953 
776.12 ,-0.003403 
776.35 ,0.003051 
776.59 ,0.007167 
776.82 ,-0.010246 
777.06 ,0.015485 
777.29 ,0.001048 
777.53 ,0.009254 
777.76 ,0.013176 
778.00 ,0.006138 
778.23 ,0.005554 
778.47 ,0.002160 
778.70 ,-0.005128 
778.94 ,0.020158 
779.17 ,0.007334 
779.41 ,0.001493 
779.64 ,0.005053 
779.88 ,-0.006518 
780.11 ,0.006055 
780.35 ,0.008280 
780.58 ,-0.002402 
780.82 ,-0.006129 
781.05 ,0.014233 
781.29 ,0.015735 
781.52 ,0.017460 
781.76 ,0.006834 
781.99 ,0.002939 
782.23 ,0.007279 
782.47 ,0.000714 
782.70 ,0.012174 
782.94 ,0.000936 
783.17 ,-0.003514 
783.41 ,0.004135 
783.64 ,0.014428 
783.88 ,0.003106 
784.11 ,-0.004071 
784.35 ,-0.000065 
784.58 ,0.012536 
784.82 ,-0.007714 
785.05 ,0.008308 
785.29 ,0.006778 
785.52 ,0.014900 
785.76 ,0.002049 
785.99 ,0.001020 
786.23 ,-0.003792 
786.47 ,0.002717 
786.70 ,0.010505 
786.94 ,0.011479 
787.17 ,0.007362 
787.41 ,0.003663 
787.64 ,0.020492 
787.88 ,0.001910 
788.11 ,0.007835 
788.35 ,-0.006240 
788.58 ,0.004747 
788.82 ,0.010450 
789.05 ,0.012397 
789.29 ,-0.003848 
789.53 ,0.008670 
789.76 ,0.003774 
790.00 ,-0.013167 
790.23 ,0.006722 
790.47 ,0.013037 
790.70 ,0.008169 
790.94 ,0.018461 
791.17 ,0.009254 
791.41 ,-0.010441 
791.65 ,0.002522 
791.88 ,0.010950 
792.12 ,0.000130 
792.35 ,0.010116 
792.59 ,-0.001066 
792.82 ,-0.003959 
793.06 ,-0.001623 
793.29 ,0.003384 
793.53 ,0.007473 
793.77 ,-0.007297 
794.00 ,0.003941 
794.24 ,-0.006018 
794.47 ,0.001382 
794.71 ,-0.004738 
794.94 ,0.000297 
795.18 ,0.002411 
795.42 ,0.013148 
795.65 ,0.011729 
795.89 ,-0.000009 
796.12 ,0.008725 
796.36 ,0.005916 
796.59 ,0.005943 
796.83 ,-0.003514 
797.07 ,-0.003486 
797.30 ,0.008920 
797.54 ,-0.011804 
797.77 ,0.013510 
798.01 ,0.005804 
798.24 ,0.009587 
798.48 ,0.014928 
798.72 ,0.014372 
798.95 ,0.005359 
799.19 ,-0.005767 
799.42 ,0.007028 
799.66 ,0.007863 
799.89 ,0.004163 
800.13 ,0.007696 
800.37 ,0.011201 
800.60 ,0.004580 
800.84 ,0.010867 
801.07 ,0.009838 
801.31 ,-0.015336 
801.55 ,-0.011219 
801.78 ,-0.002513 
802.02 ,0.006973 
802.25 ,-0.009244 
802.49 ,0.012842 
802.72 ,0.006639 
802.96 ,-0.000593 
803.20 ,0.001103 
803.43 ,0.001854 
803.67 ,0.010561 
803.90 ,0.010199 
804.14 ,0.003440 
804.38 ,0.006305 
804.61 ,0.011117 
804.85 ,-0.004738 
805.08 ,0.018211 
805.32 ,0.006945 
805.56 ,-0.001178 
805.79 ,0.001827 
806.03 ,-0.015030 
806.26 ,0.012981 
806.50 ,0.006027 
806.74 ,0.001298 
806.97 ,0.001854 
807.21 ,-0.000454 
807.44 ,0.007001 
807.68 ,0.012925 
807.92 ,-0.001539 
808.15 ,0.007724 
808.39 ,0.007668 
808.63 ,0.012759 
808.86 ,0.007946 
809.10 ,-0.001539 
809.33 ,0.004386 
809.57 ,0.005359 
809.81 ,0.003579 
810.04 ,0.037182 
810.28 ,0.004942 
810.51 ,0.006639 
810.75 ,0.001521 
810.99 ,0.009587 
811.22 ,0.011340 
811.46 ,-0.000482 
811.70 ,0.007779 
811.93 ,-0.000872 
812.17 ,0.002911 
812.40 ,-0.000093 
812.64 ,0.005832 
812.88 ,0.013259 
813.11 ,0.009003 
813.35 ,0.006917 
813.59 ,0.007279 
813.82 ,0.022661 
814.06 ,0.011423 
814.29 ,0.005081 
814.53 ,0.001632 
814.77 ,0.005248 
815.00 ,0.013287 
815.24 ,0.006027 
815.48 ,0.007557 
815.71 ,0.002494 
815.95 ,-0.006491 
816.18 ,0.000074 
816.42 ,-0.003820 
816.66 ,0.015151 
816.89 ,0.008809 
817.13 ,0.004775 
817.37 ,0.001242 
817.60 ,0.008809 
817.84 ,0.004525 
818.08 ,0.000074 
818.31 ,0.003885 
818.55 ,0.006389 
818.79 ,0.003579 
819.02 ,0.014261 
819.26 ,-0.004961 
819.49 ,0.012063 
819.73 ,0.006027 
819.97 ,-0.005517 
820.20 ,0.012508 
820.44 ,-0.006407 
820.68 ,0.003384 
820.91 ,0.009921 
821.15 ,0.011702 
821.39 ,-0.004488 
821.62 ,0.006389 
821.86 ,0.010505 
822.10 ,0.004720 
822.33 ,0.004636 
822.57 ,0.001715 
822.81 ,0.012675 
823.04 ,0.010422 
823.28 ,0.001187 
823.52 ,0.008948 
823.75 ,0.004942 
823.99 ,-0.004933 
824.23 ,0.005304 
824.46 ,0.011590 
824.70 ,0.008725 
824.94 ,0.007418 
825.17 ,0.004970 
825.41 ,0.002800 
825.65 ,0.000380 
825.88 ,0.006778 
826.12 ,0.006361 
826.36 ,-0.002429 
826.59 ,0.021604 
826.83 ,0.006834 
827.07 ,0.010978 
827.30 ,0.010617 
827.54 ,0.008419 
827.78 ,0.009281 
828.01 ,0.011896 
828.25 ,0.007529 
828.49 ,0.016236 
828.72 ,0.021966 
828.96 ,0.001159 
829.20 ,-0.002819 
829.43 ,0.018739 
829.67 ,0.005860 
829.91 ,-0.003069 
830.14 ,0.008586 
830.38 ,0.012731 
830.62 ,0.010839 
830.85 ,0.002272 
831.09 ,0.005053 
831.33 ,-0.006129 
831.56 ,0.014622 
831.80 ,-0.007158 
832.04 ,0.004636 
832.27 ,-0.000260 
832.51 ,0.007863 
832.75 ,0.010394 
832.99 ,-0.006936 
833.22 ,-0.011275 
833.46 ,0.002244 
833.70 ,0.006945 
833.93 ,0.005304 
834.17 ,0.007501 
834.41 ,-0.008299 
834.64 ,0.001159 
834.88 ,0.007251 
835.12 ,0.012647 
835.35 ,0.009115 
835.59 ,0.008753 
835.83 ,0.000241 
836.07 ,-0.001567 
836.30 ,0.010172 
836.54 ,0.005053 
836.78 ,0.007918 
837.01 ,0.004497 
837.25 ,-0.006852 
837.49 ,0.007446 
837.72 ,0.007557 
837.96 ,0.011451 
838.20 ,0.016291 
838.44 ,0.008725 
838.67 ,-0.011470 
838.91 ,-0.007103 
839.15 ,0.006639 
839.38 ,-0.006463 
839.62 ,0.008280 
839.86 ,0.009754 
840.09 ,0.005026 
840.33 ,-0.000899 
840.57 ,-0.006546 
840.81 ,0.004302 
841.04 ,0.007807 
841.28 ,0.000992 
841.52 ,0.004163 
841.75 ,0.008169 
841.99 ,0.009504 
842.23 ,0.004219 
842.47 ,0.012925 
842.70 ,0.002550 
842.94 ,-0.003069 
843.18 ,0.008530 
843.42 ,0.008002 
843.65 ,0.012925 
843.89 ,0.018850 
844.13 ,0.000408 
844.36 ,0.010617 
844.60 ,0.016403 
844.84 ,0.000325 
845.08 ,0.006333 
845.31 ,0.000714 
845.55 ,0.012397 
845.79 ,0.007918 
846.02 ,0.014149 
846.26 ,0.006611 
846.50 ,0.001409 
846.74 ,0.007195 
846.97 ,0.009782 
847.21 ,0.009643 
847.45 ,-0.004571 
847.69 ,-0.001984 
847.92 ,0.002216 
848.16 ,0.012759 
848.40 ,0.009281 
848.64 ,0.008836 
848.87 ,0.007362 
849.11 ,0.012369 
849.35 ,0.009226 
849.58 ,0.015763 
849.82 ,0.003496 
850.06 ,-0.000148 
850.30 ,0.013621 
850.53 ,0.013899 
850.77 ,0.004580 
851.01 ,0.002160 
851.25 ,0.006973 
851.48 ,0.006889 
851.72 ,0.008948 
851.96 ,0.008642 
852.20 ,0.015346 
852.43 ,0.013816 
852.67 ,-0.004349 
852.91 ,0.001409 
853.15 ,0.011284 
853.38 ,0.006110 
853.62 ,0.006611 
853.86 ,0.005665 
854.10 ,0.006166 
854.33 ,-0.002874 
854.57 ,0.002884 
854.81 ,0.007612 
855.05 ,0.005026 
855.28 ,0.014817 
855.52 ,-0.002457 
855.76 ,-0.003486 
856.00 ,0.006667 
856.23 ,0.006416 
856.47 ,0.005832 
856.71 ,0.008002 
856.95 ,-0.002068 
857.19 ,-0.004126 
857.42 ,0.005109 
857.66 ,-0.000065 
857.90 ,0.011062 
858.14 ,0.019435 
858.37 ,0.008085 
858.61 ,0.001131 
858.85 ,-0.003848 
859.09 ,-0.002290 
859.32 ,0.003106 
859.56 ,-0.009606 
859.80 ,0.001465 
860.04 ,-0.000343 
860.27 ,-0.006630 
860.51 ,-0.000593 
860.75 ,0.001799 
860.99 ,-0.006185 
861.23 ,-0.000399 
861.46 ,-0.001817 
861.70 ,0.006500 
861.94 ,0.018850 
862.18 ,0.009421 
862.41 ,0.003162 
862.65 ,-0.005434 
862.89 ,-0.004571 
863.13 ,0.005109 
863.37 ,0.010867 
863.60 ,-0.003514 
863.84 ,0.016820 
864.08 ,0.003051 
864.32 ,0.004525 
864.55 ,0.003273 
864.79 ,0.001854 
865.03 ,0.005471 
865.27 ,0.006249 
865.51 ,-0.003264 
865.74 ,-0.003264 
865.98 ,0.009699 
866.22 ,0.011396 
866.46 ,0.003440 
866.70 ,-0.004376 
866.93 ,0.008892 
867.17 ,0.008753 
867.41 ,0.005387 
867.65 ,0.008475 
867.88 ,0.005888 
868.12 ,0.001799 
868.36 ,0.006194 
868.60 ,0.017154 
868.84 ,-0.005628 
869.07 ,0.006583 
869.31 ,0.002216 
869.55 ,0.012063 
869.79 ,0.001409 
870.03 ,0.011841 
870.26 ,-0.006769 
870.50 ,0.005832 
870.74 ,0.007835 
870.98 ,0.005248 
871.22 ,0.001771 
871.45 ,0.002911 
871.69 ,0.010923 
871.93 ,0.000909 
872.17 ,0.009560 
872.41 ,0.019629 
872.64 ,-0.004682 
872.88 ,0.006834 
873.12 ,0.000185 
873.36 ,0.002911 
873.60 ,-0.000315 
873.84 ,0.009365 
874.07 ,0.010088 
874.31 ,0.010923 
874.55 ,0.005026 
874.79 ,0.005832 
875.03 ,-0.001817 
875.26 ,0.015679 
875.50 ,0.001521 
875.74 ,0.018990 
875.98 ,0.010867 
876.22 ,-0.001539 
876.45 ,0.003802 
876.69 ,0.003579 
876.93 ,-0.001066 
877.17 ,-0.006574 
877.41 ,0.000909 
877.65 ,0.000074 
877.88 ,-0.007881 
878.12 ,0.007307 
878.36 ,0.007223 
878.60 ,0.002383 
878.84 ,0.008141 
879.07 ,0.008586 
879.31 ,-0.005183 
879.55 ,0.018294 
879.79 ,0.005832 
880.03 ,0.008058 
880.27 ,0.006945 
880.50 ,0.004553 
880.74 ,-0.003236 
880.98 ,-0.002457 
881.22 ,0.005387 
881.46 ,-0.002958 
881.70 ,0.020102 
881.93 ,0.000575 
882.17 ,-0.003820 
882.41 ,-0.001261 
882.65 ,0.007501 
882.89 ,-0.002457 
883.13 ,0.003857 
883.36 ,0.003802 
883.60 ,0.007084 
883.84 ,0.009003 
884.08 ,0.008141 
884.32 ,0.013704 
884.56 ,0.013621 
884.79 ,0.005443 
885.03 ,0.006027 
885.27 ,-0.005294 
885.51 ,0.006361 
885.75 ,-0.013500 
885.99 ,0.003829 
886.23 ,-0.006963 
886.46 ,0.016208 
886.70 ,-0.001428 
886.94 ,0.006778 
887.18 ,-0.000399 
887.42 ,0.007112 
887.66 ,0.007640 
887.89 ,0.000241 
888.13 ,0.009782 
888.37 ,-0.004182 
888.61 ,-0.001956 
888.85 ,-0.001066 
889.09 ,-0.004738 
889.33 ,0.010394 
889.56 ,0.011340 
889.80 ,0.003551 
890.04 ,-0.003041 
890.28 ,0.013482 
890.52 ,0.018489 
890.76 ,0.004135 
891.00 ,0.006945 
891.23 ,0.010756 
891.47 ,0.009309 
891.71 ,-0.001762 
891.95 ,0.001409 
892.19 ,-0.005211 
892.43 ,-0.002596 
892.67 ,0.005026 
892.90 ,-0.001956 
893.14 ,0.005443 
893.38 ,0.017015 
893.62 ,0.001159 
893.86 ,-0.003542 
894.10 ,0.000130 
894.34 ,0.006583 
894.57 ,0.009087 
894.81 ,-0.004738 
895.05 ,0.007001 
895.29 ,0.004358 
895.53 ,0.006611 
895.77 ,0.005137 
896.01 ,-0.006073 
896.25 ,0.001910 
896.48 ,0.010088 
896.72 ,-0.007019 
896.96 ,-0.001539 
897.20 ,0.004469 
897.44 ,0.001187 
897.68 ,-0.000232 
897.92 ,0.007891 
898.16 ,0.001632 
898.39 ,-0.001845 
898.63 ,0.003802 
898.87 ,0.020130 
899.11 ,0.011201 
899.35 ,0.003245 
899.59 ,0.009560 
899.83 ,-0.012443 
900.07 ,0.007028 
900.30 ,0.000519 
900.54 ,0.006500 
900.78 ,-0.006435 
901.02 ,0.000325 
901.26 ,0.001715 
901.50 ,0.005081 
901.74 ,-0.002986 
901.98 ,0.010672 
902.22 ,-0.001011 
902.45 ,-0.013862 
902.69 ,0.008864 
902.93 ,-0.007075 
903.17 ,0.002856 
903.41 ,-0.002958 
903.65 ,0.004247 
903.89 ,-0.003041 
904.13 ,0.007529 
904.37 ,-0.004210 
904.60 ,0.003857 
904.84 ,-0.001178 
905.08 ,0.006416 
905.32 ,0.009059 
905.56 ,0.002133 
905.80 ,0.002828 
906.04 ,0.001465 
906.28 ,0.003551 
906.52 ,-0.005545 
906.76 ,0.011145 
906.99 ,0.011284 
907.23 ,0.005749 
907.47 ,0.009476 
907.71 ,0.005665 
907.95 ,0.000241 
908.19 ,0.010811 
908.43 ,-0.002735 
908.67 ,0.010394 
908.91 ,0.004664 
909.15 ,0.006834 
909.38 ,-0.005740 
909.62 ,-0.006963 
909.86 ,-0.001595 
910.10 ,0.008864 
910.34 ,0.015290 
910.58 ,0.006416 
910.82 ,0.004886 
911.06 ,0.000714 
911.30 ,0.000269 
911.54 ,0.000686 
911.78 ,0.007028 
912.01 ,0.010728 
912.25 ,-0.006185 
912.49 ,0.002689 
912.73 ,-0.003542 
912.97 ,0.013009 
913.21 ,0.004720 
913.45 ,0.003023 
913.69 ,0.002689 
913.93 ,-0.001901 
914.17 ,-0.010886 
914.41 ,0.008836 
914.65 ,0.010088 
914.88 ,0.003329 
915.12 ,-0.004210 
915.36 ,-0.000760 
915.60 ,0.010867 
915.84 ,0.000213 
916.08 ,0.008141 
916.32 ,0.007807 
916.56 ,0.001159 
916.80 ,0.001298 
917.04 ,0.010950 
917.28 ,0.007056 
917.52 ,0.003969 
917.76 ,0.010394 
917.99 ,-0.004432 
918.23 ,0.002689 
918.47 ,-0.000204 
918.71 ,0.009393 
918.95 ,0.015290 
919.19 ,0.002689 
919.43 ,0.007752 
919.67 ,0.014288 
919.91 ,0.012258 
920.15 ,0.005192 
920.39 ,0.012453 
920.63 ,-0.005517 
920.87 ,-0.000760 
921.11 ,-0.002735 
921.35 ,-0.008855 
921.58 ,-0.011748 
921.82 ,0.001437 
922.06 ,0.000185 
922.30 ,-0.000232 
922.54 ,0.000297 
922.78 ,0.013482 
923.02 ,0.007612 
923.26 ,0.000158 
923.50 ,0.004441 
923.74 ,0.018350 
923.98 ,0.005582 
924.22 ,-0.000566 
924.46 ,0.019963 
924.70 ,0.015206 
924.94 ,0.004414 
925.18 ,0.008976 
925.42 ,0.021966 
925.66 ,0.006305 
925.89 ,0.007418 
926.13 ,0.004886 
926.37 ,-0.003069 
926.61 ,0.008586 
926.85 ,0.000325 
927.09 ,0.003690 
927.33 ,0.004414 
927.57 ,0.016931 
927.81 ,0.006361 
928.05 ,0.002355 
928.29 ,0.001354 
928.53 ,-0.005879 
928.77 ,0.009504 
929.01 ,0.005359 
929.25 ,0.005777 
929.49 ,0.010033 
929.73 ,-0.001845 
929.97 ,0.003690 
930.21 ,-0.008493 
930.45 ,0.000825 
930.69 ,0.002105 
930.93 ,0.005137 
931.16 ,0.003496 
931.40 ,-0.004988 
931.64 ,0.002188 
931.88 ,0.009977 
932.12 ,0.001966 
932.36 ,0.004247 
932.60 ,0.010116 
932.84 ,0.002800 
933.08 ,0.022244 
933.32 ,0.004553 
933.56 ,0.000380 
933.80 ,0.003913 
934.04 ,-0.002624 
934.28 ,-0.000037 
934.52 ,0.007167 
934.76 ,0.004302 
935.00 ,0.017599 
935.24 ,-0.004599 
935.48 ,0.011868 
935.72 ,0.008336 
935.96 ,0.008308 
936.20 ,0.009754 
936.44 ,0.005332 
936.68 ,0.004886 
936.92 ,0.002911 
937.16 ,0.001882 
937.40 ,0.002383 
937.64 ,0.003774 
937.88 ,0.001242 
938.12 ,-0.002541 
938.36 ,0.006611 
938.60 ,0.007028 
938.84 ,0.004970 
939.08 ,0.009337 
939.32 ,-0.003264 
939.55 ,0.011117 
939.79 ,0.007752 
940.03 ,-0.003542 
940.27 ,0.004525 
940.51 ,0.011674 
940.75 ,0.005248 
940.99 ,0.010617 
941.23 ,0.003106 
941.47 ,0.022828 
941.71 ,0.004942 
941.95 ,0.001270 
942.19 ,0.005971 
942.43 ,0.001715 
942.67 ,-0.001650 
942.91 ,0.003496 
943.15 ,-0.001929 
943.39 ,0.017710 
943.63 ,-0.003542 
943.87 ,0.011952 
944.11 ,-0.000760 
944.35 ,0.007946 
944.59 ,-0.014919 
944.83 ,0.002049 
945.07 ,0.006472 
945.31 ,0.010839 
945.55 ,0.002828 
945.79 ,0.011034 
946.03 ,0.002884 
946.27 ,0.002077 
946.51 ,0.000964 
946.75 ,0.002049 
946.99 ,0.002772 
947.23 ,0.003023 
947.47 ,0.007974 
947.71 ,-0.000538 
947.95 ,0.001382 
948.19 ,0.000770 
948.43 ,0.006722 
948.67 ,0.002550 
948.91 ,0.008697 
949.15 ,0.004942 
949.39 ,0.011590 
949.63 ,0.002605 
949.87 ,0.006945 
950.11 ,-0.002986 
950.35 ,0.009810 
950.59 ,0.003941 
950.83 ,0.004108 
951.07 ,0.012981 
951.31 ,-0.002763 
951.55 ,0.007501 
951.79 ,0.006222 
952.03 ,0.018878 
952.27 ,-0.007798 
952.51 ,0.006472 
952.75 ,0.013482 
952.99 ,0.008781 
953.23 ,0.003663 
953.47 ,-0.004543 
953.71 ,0.002772 
953.95 ,-0.000065 
954.19 ,0.006055 
954.43 ,0.003440 
954.67 ,0.007779 
954.92 ,0.010366 
955.16 ,-0.000093 
955.40 ,0.003106 
955.64 ,0.010394 
955.88 ,0.001020 
956.12 ,-0.001790 
956.36 ,0.000631 
956.60 ,0.007028 
956.84 ,0.011479 
957.08 ,0.010394 
957.32 ,0.010617 
957.56 ,0.001187 
957.80 ,0.001548 
958.04 ,0.007223 
958.28 ,0.008836 
958.52 ,0.012341 
958.76 ,0.007390 
959.00 ,-0.009829 
959.24 ,-0.001011 
959.48 ,0.000797 
959.72 ,0.001576 
959.96 ,0.000631 
960.20 ,-0.006045 
960.44 ,-0.001845 
960.68 ,-0.013055 
960.92 ,0.016625 
961.16 ,-0.000260 
961.40 ,0.005554 
961.64 ,0.004692 
961.88 ,0.000825 
962.12 ,0.000436 
962.36 ,0.014261 
962.60 ,-0.004015 
962.84 ,-0.003625 
963.08 ,0.006611 
963.32 ,-0.003375 
963.57 ,-0.011525 
963.81 ,-0.009022 
964.05 ,0.003690 
964.29 ,-0.004849 
964.53 ,0.014789 
964.77 ,0.016013 
965.01 ,-0.005962 
965.25 ,0.005860 
965.49 ,-0.004488 
965.73 ,-0.005517 
965.97 ,0.009727 
966.21 ,0.000297 
966.45 ,0.009532 
966.69 ,0.007696 
966.93 ,0.006222 
967.17 ,0.005332 
967.41 ,0.014233 
967.65 ,0.011312 
967.89 ,0.011590 
968.13 ,0.001910 
968.37 ,0.002884 
968.61 ,0.008419 
968.85 ,0.001242 
969.10 ,0.011618 
969.34 ,0.013677 
969.58 ,-0.006379 
969.82 ,0.009115 
970.06 ,-0.003459 
970.30 ,0.014344 
970.54 ,0.003607 
970.78 ,0.007585 
971.02 ,0.004692 
971.26 ,0.012008 
971.50 ,0.005721 
971.74 ,0.007585 
971.98 ,0.004831 
972.22 ,-0.004015 
972.46 ,0.007279 
972.70 ,-0.004655 
972.94 ,0.003551 
973.18 ,0.005888 
973.43 ,0.002216 
973.67 ,0.001938 
973.91 ,0.004080 
974.15 ,0.000046 
974.39 ,0.004135 
974.63 ,-0.003792 
974.87 ,-0.001539 
975.11 ,0.025304 
975.35 ,0.007696 
975.59 ,-0.000955 
975.83 ,0.003273 
976.07 ,0.012425 
976.31 ,-0.000232 
976.55 ,-0.004321 
976.79 ,0.004803 
977.03 ,-0.001845 
977.28 ,0.010700 
977.52 ,0.005471 
977.76 ,0.002439 
978.00 ,0.009949 
978.24 ,0.005721 
978.48 ,0.001910 
978.72 ,0.008058 
978.96 ,-0.007325 
979.20 ,0.011229 
979.44 ,0.007779 
979.68 ,0.004803 
979.92 ,0.003357 
980.16 ,0.007946 
980.41 ,0.000185 
980.65 ,-0.006769 
980.89 ,-0.008493 
981.13 ,0.001910 
981.37 ,0.003579 
981.61 ,0.009059 
981.85 ,-0.000482 
982.09 ,0.009170 
982.33 ,0.006945 
982.57 ,0.004497 
982.81 ,0.006416 
983.05 ,0.013287 
983.29 ,0.003523 
983.54 ,0.005081 
983.78 ,0.004024 
984.02 ,0.014038 
984.26 ,0.000158 
984.50 ,0.005192 
984.74 ,0.001743 
984.98 ,0.014873 
985.22 ,0.005832 
985.46 ,0.005471 
985.70 ,0.010978 
985.94 ,-0.007269 
986.18 ,0.000547 
986.43 ,-0.009689 
986.67 ,0.006611 
986.91 ,0.001548 
987.15 ,0.002133 
987.39 ,0.004998 
987.63 ,0.012369 
987.87 ,0.016041 
988.11 ,0.007724 
988.35 ,0.008948 
988.59 ,-0.003987 
988.83 ,0.011841 
989.08 ,0.009003 
989.32 ,0.003440 
989.56 ,0.004247 
989.80 ,0.000325 
990.04 ,0.009615 
990.28 ,0.009838 
990.52 ,0.001103 
990.76 ,0.009643 
991.00 ,0.008280 
991.24 ,-0.000037 
991.49 ,0.010645 
991.73 ,0.015512 
991.97 ,0.004330 
992.21 ,0.009309 
992.45 ,0.005916 
992.69 ,0.008475 
992.93 ,0.009059 
993.17 ,0.006222 
993.41 ,0.010756 
993.65 ,0.000464 
993.90 ,0.006166 
994.14 ,0.009031 
994.38 ,0.008503 
994.62 ,0.005916 
994.86 ,0.004330 
995.10 ,0.014622 
995.34 ,0.008224 
995.58 ,0.005137 
995.82 ,-0.005823 
996.06 ,0.008224 
996.31 ,0.007418 
996.55 ,0.002411 
996.79 ,-0.002123 
997.03 ,0.004831 
997.27 ,0.001827 
997.51 ,0.010060 
997.75 ,0.016041 
997.99 ,0.005248 
998.23 ,0.019017 
998.48 ,-0.002012 
998.72 ,0.007473 
998.96 ,0.015457 
999.20 ,0.008697 
999.44 ,-0.003264 
999.68 ,0.000019 
999.92 ,0.011868 
1000.16 ,0.001048 
1000.41 ,0.010005 
1000.65 ,0.005721 
1000.89 ,0.009727 
1001.13 ,0.009365 
1001.37 ,-0.000816 
1001.61 ,0.002466 
1001.85 ,0.035429 
1002.09 ,0.003496 
1002.33 ,0.008419 
1002.58 ,0.001688 
1002.82 ,0.003134 
1003.06 ,-0.000454 
1003.30 ,0.009309 
1003.54 ,-0.000065 
1003.78 ,0.004747 
1004.02 ,0.022717 
1004.26 ,0.001382 
1004.51 ,0.006555 
1004.75 ,0.007446 
1004.99 ,-0.017868 
1005.23 ,-0.003625 
1005.47 ,0.004274 
1005.71 ,-0.005545 
1005.95 ,0.005137 
1006.19 ,0.004580 
1006.44 ,-0.003737 
1006.68 ,-0.004849 
1006.92 ,0.009226 
1007.16 ,-0.002096 
1007.40 ,-0.003153 
1007.64 ,0.011674 
1007.88 ,0.002745 
1008.13 ,0.007390 
1008.37 ,-0.012721 
1008.61 ,0.016208 
1008.85 ,0.003607 
1009.09 ,-0.002541 
1009.33 ,0.018155 
1009.57 ,0.013788 
1009.81 ,-0.002596 
1010.06 ,0.005026 
1010.30 ,-0.001734 
1010.54 ,0.012814 
1010.78 ,-0.004766 
1011.02 ,0.010839 
1011.26 ,0.003245 
1011.50 ,0.001994 
1011.75 ,0.005804 
1011.99 ,0.006027 
1012.23 ,0.010088 
1012.47 ,-0.005628 
1012.71 ,-0.016588 
1012.95 ,0.001715 
1013.19 ,0.005777 
1013.44 ,0.012675 
1013.68 ,0.003357 
1013.92 ,0.001632 
1014.16 ,0.000909 
1014.40 ,0.002828 
1014.64 ,0.003301 
1014.88 ,0.007140 
1015.13 ,0.008753 
1015.37 ,-0.007297 
1015.61 ,0.018266 
1015.85 ,0.003857 
1016.09 ,0.004525 
1016.33 ,-0.013945 
1016.57 ,0.015179 
1016.82 ,0.005359 
1017.06 ,-0.000482 
1017.30 ,0.008809 
1017.54 ,0.009254 
1017.78 ,0.000575 
1018.02 ,0.003857 
1018.27 ,0.007334 
1018.51 ,0.003023 
1018.75 ,0.014177 
1018.99 ,0.005192 
1019.23 ,0.010839 
1019.47 ,0.002105 
1019.71 ,-0.049801 
1019.96 ,-0.050691 
1020.20 ,-0.052944 
1020.44 ,-0.051387 
1020.68 ,-0.052499 
1020.92 ,-0.051748 
[EndOfFile],
